"","folder","lambda","mu","nu","q","cond","crown_age","seed"
"1","data/0.2-0-0-0/1",0.2,0,0,0,1,8,1
"2","data/0.2-0-0-0/10",0.2,0,0,0,1,8,10
"3","data/0.2-0-0-0/11",0.2,0,0,0,1,8,11
"4","data/0.2-0-0-0/12",0.2,0,0,0,1,8,12
"5","data/0.2-0-0-0/13",0.2,0,0,0,1,8,13
"6","data/0.2-0-0-0/14",0.2,0,0,0,1,8,14
"7","data/0.2-0-0-0/15",0.2,0,0,0,1,8,15
"8","data/0.2-0-0-0/16",0.2,0,0,0,1,8,16
"9","data/0.2-0-0-0/17",0.2,0,0,0,1,8,17
"10","data/0.2-0-0-0/18",0.2,0,0,0,1,8,18
"11","data/0.2-0-0-0/19",0.2,0,0,0,1,8,19
"12","data/0.2-0-0-0/2",0.2,0,0,0,1,8,2
"13","data/0.2-0-0-0/20",0.2,0,0,0,1,8,20
"14","data/0.2-0-0-0/21",0.2,0,0,0,1,8,21
"15","data/0.2-0-0-0/22",0.2,0,0,0,1,8,22
"16","data/0.2-0-0-0/23",0.2,0,0,0,1,8,23
"17","data/0.2-0-0-0/24",0.2,0,0,0,1,8,24
"18","data/0.2-0-0-0/25",0.2,0,0,0,1,8,25
"19","data/0.2-0-0-0/26",0.2,0,0,0,1,8,26
"20","data/0.2-0-0-0/27",0.2,0,0,0,1,8,27
"21","data/0.2-0-0-0/28",0.2,0,0,0,1,8,28
"22","data/0.2-0-0-0/29",0.2,0,0,0,1,8,29
"23","data/0.2-0-0-0/3",0.2,0,0,0,1,8,3
"24","data/0.2-0-0-0/30",0.2,0,0,0,1,8,30
"25","data/0.2-0-0-0/31",0.2,0,0,0,1,8,31
"26","data/0.2-0-0-0/32",0.2,0,0,0,1,8,32
"27","data/0.2-0-0-0/33",0.2,0,0,0,1,8,33
"28","data/0.2-0-0-0/34",0.2,0,0,0,1,8,34
"29","data/0.2-0-0-0/35",0.2,0,0,0,1,8,35
"30","data/0.2-0-0-0/36",0.2,0,0,0,1,8,36
"31","data/0.2-0-0-0/37",0.2,0,0,0,1,8,37
"32","data/0.2-0-0-0/38",0.2,0,0,0,1,8,38
"33","data/0.2-0-0-0/39",0.2,0,0,0,1,8,39
"34","data/0.2-0-0-0/4",0.2,0,0,0,1,8,4
"35","data/0.2-0-0-0/40",0.2,0,0,0,1,8,40
"36","data/0.2-0-0-0/5",0.2,0,0,0,1,8,5
"37","data/0.2-0-0-0/6",0.2,0,0,0,1,8,6
"38","data/0.2-0-0-0/7",0.2,0,0,0,1,8,7
"39","data/0.2-0-0-0/8",0.2,0,0,0,1,8,8
"40","data/0.2-0-0-0/9",0.2,0,0,0,1,8,9
"41","data/0.2-0-0.5-0.1/100",0.2,0,0.5,0.1,1,8,100
"42","data/0.2-0-0.5-0.1/101",0.2,0,0.5,0.1,1,8,101
"43","data/0.2-0-0.5-0.1/102",0.2,0,0.5,0.1,1,8,102
"44","data/0.2-0-0.5-0.1/103",0.2,0,0.5,0.1,1,8,103
"45","data/0.2-0-0.5-0.1/104",0.2,0,0.5,0.1,1,8,104
"46","data/0.2-0-0.5-0.1/105",0.2,0,0.5,0.1,1,8,105
"47","data/0.2-0-0.5-0.1/106",0.2,0,0.5,0.1,1,8,106
"48","data/0.2-0-0.5-0.1/107",0.2,0,0.5,0.1,1,8,107
"49","data/0.2-0-0.5-0.1/108",0.2,0,0.5,0.1,1,8,108
"50","data/0.2-0-0.5-0.1/109",0.2,0,0.5,0.1,1,8,109
"51","data/0.2-0-0.5-0.1/110",0.2,0,0.5,0.1,1,8,110
"52","data/0.2-0-0.5-0.1/111",0.2,0,0.5,0.1,1,8,111
"53","data/0.2-0-0.5-0.1/112",0.2,0,0.5,0.1,1,8,112
"54","data/0.2-0-0.5-0.1/113",0.2,0,0.5,0.1,1,8,113
"55","data/0.2-0-0.5-0.1/114",0.2,0,0.5,0.1,1,8,114
"56","data/0.2-0-0.5-0.1/115",0.2,0,0.5,0.1,1,8,115
"57","data/0.2-0-0.5-0.1/116",0.2,0,0.5,0.1,1,8,116
"58","data/0.2-0-0.5-0.1/117",0.2,0,0.5,0.1,1,8,117
"59","data/0.2-0-0.5-0.1/118",0.2,0,0.5,0.1,1,8,118
"60","data/0.2-0-0.5-0.1/119",0.2,0,0.5,0.1,1,8,119
"61","data/0.2-0-0.5-0.1/120",0.2,0,0.5,0.1,1,8,120
"62","data/0.2-0-0.5-0.1/81",0.2,0,0.5,0.1,1,8,81
"63","data/0.2-0-0.5-0.1/82",0.2,0,0.5,0.1,1,8,82
"64","data/0.2-0-0.5-0.1/83",0.2,0,0.5,0.1,1,8,83
"65","data/0.2-0-0.5-0.1/84",0.2,0,0.5,0.1,1,8,84
"66","data/0.2-0-0.5-0.1/85",0.2,0,0.5,0.1,1,8,85
"67","data/0.2-0-0.5-0.1/86",0.2,0,0.5,0.1,1,8,86
"68","data/0.2-0-0.5-0.1/87",0.2,0,0.5,0.1,1,8,87
"69","data/0.2-0-0.5-0.1/88",0.2,0,0.5,0.1,1,8,88
"70","data/0.2-0-0.5-0.1/89",0.2,0,0.5,0.1,1,8,89
"71","data/0.2-0-0.5-0.1/90",0.2,0,0.5,0.1,1,8,90
"72","data/0.2-0-0.5-0.1/91",0.2,0,0.5,0.1,1,8,91
"73","data/0.2-0-0.5-0.1/92",0.2,0,0.5,0.1,1,8,92
"74","data/0.2-0-0.5-0.1/93",0.2,0,0.5,0.1,1,8,93
"75","data/0.2-0-0.5-0.1/94",0.2,0,0.5,0.1,1,8,94
"76","data/0.2-0-0.5-0.1/95",0.2,0,0.5,0.1,1,8,95
"77","data/0.2-0-0.5-0.1/96",0.2,0,0.5,0.1,1,8,96
"78","data/0.2-0-0.5-0.1/97",0.2,0,0.5,0.1,1,8,97
"79","data/0.2-0-0.5-0.1/98",0.2,0,0.5,0.1,1,8,98
"80","data/0.2-0-0.5-0.1/99",0.2,0,0.5,0.1,1,8,99
"81","data/0.2-0-0.5-0.15/321",0.2,0,0.5,0.15,1,8,321
"82","data/0.2-0-0.5-0.15/322",0.2,0,0.5,0.15,1,8,322
"83","data/0.2-0-0.5-0.15/323",0.2,0,0.5,0.15,1,8,323
"84","data/0.2-0-0.5-0.15/324",0.2,0,0.5,0.15,1,8,324
"85","data/0.2-0-0.5-0.15/325",0.2,0,0.5,0.15,1,8,325
"86","data/0.2-0-0.5-0.15/326",0.2,0,0.5,0.15,1,8,326
"87","data/0.2-0-0.5-0.15/327",0.2,0,0.5,0.15,1,8,327
"88","data/0.2-0-0.5-0.15/328",0.2,0,0.5,0.15,1,8,328
"89","data/0.2-0-0.5-0.15/329",0.2,0,0.5,0.15,1,8,329
"90","data/0.2-0-0.5-0.15/330",0.2,0,0.5,0.15,1,8,330
"91","data/0.2-0-0.5-0.15/331",0.2,0,0.5,0.15,1,8,331
"92","data/0.2-0-0.5-0.15/332",0.2,0,0.5,0.15,1,8,332
"93","data/0.2-0-0.5-0.15/333",0.2,0,0.5,0.15,1,8,333
"94","data/0.2-0-0.5-0.15/334",0.2,0,0.5,0.15,1,8,334
"95","data/0.2-0-0.5-0.15/335",0.2,0,0.5,0.15,1,8,335
"96","data/0.2-0-0.5-0.15/336",0.2,0,0.5,0.15,1,8,336
"97","data/0.2-0-0.5-0.15/337",0.2,0,0.5,0.15,1,8,337
"98","data/0.2-0-0.5-0.15/338",0.2,0,0.5,0.15,1,8,338
"99","data/0.2-0-0.5-0.15/339",0.2,0,0.5,0.15,1,8,339
"100","data/0.2-0-0.5-0.15/340",0.2,0,0.5,0.15,1,8,340
"101","data/0.2-0-0.5-0.15/341",0.2,0,0.5,0.15,1,8,341
"102","data/0.2-0-0.5-0.15/342",0.2,0,0.5,0.15,1,8,342
"103","data/0.2-0-0.5-0.15/343",0.2,0,0.5,0.15,1,8,343
"104","data/0.2-0-0.5-0.15/344",0.2,0,0.5,0.15,1,8,344
"105","data/0.2-0-0.5-0.15/345",0.2,0,0.5,0.15,1,8,345
"106","data/0.2-0-0.5-0.15/346",0.2,0,0.5,0.15,1,8,346
"107","data/0.2-0-0.5-0.15/347",0.2,0,0.5,0.15,1,8,347
"108","data/0.2-0-0.5-0.15/348",0.2,0,0.5,0.15,1,8,348
"109","data/0.2-0-0.5-0.15/349",0.2,0,0.5,0.15,1,8,349
"110","data/0.2-0-0.5-0.15/350",0.2,0,0.5,0.15,1,8,350
"111","data/0.2-0-0.5-0.15/351",0.2,0,0.5,0.15,1,8,351
"112","data/0.2-0-0.5-0.15/352",0.2,0,0.5,0.15,1,8,352
"113","data/0.2-0-0.5-0.15/353",0.2,0,0.5,0.15,1,8,353
"114","data/0.2-0-0.5-0.15/354",0.2,0,0.5,0.15,1,8,354
"115","data/0.2-0-0.5-0.15/355",0.2,0,0.5,0.15,1,8,355
"116","data/0.2-0-0.5-0.15/356",0.2,0,0.5,0.15,1,8,356
"117","data/0.2-0-0.5-0.15/357",0.2,0,0.5,0.15,1,8,357
"118","data/0.2-0-0.5-0.15/358",0.2,0,0.5,0.15,1,8,358
"119","data/0.2-0-0.5-0.15/359",0.2,0,0.5,0.15,1,8,359
"120","data/0.2-0-0.5-0.15/360",0.2,0,0.5,0.15,1,8,360
"121","data/0.2-0-0.5-0.2/561",0.2,0,0.5,0.2,1,8,561
"122","data/0.2-0-0.5-0.2/562",0.2,0,0.5,0.2,1,8,562
"123","data/0.2-0-0.5-0.2/563",0.2,0,0.5,0.2,1,8,563
"124","data/0.2-0-0.5-0.2/564",0.2,0,0.5,0.2,1,8,564
"125","data/0.2-0-0.5-0.2/565",0.2,0,0.5,0.2,1,8,565
"126","data/0.2-0-0.5-0.2/566",0.2,0,0.5,0.2,1,8,566
"127","data/0.2-0-0.5-0.2/567",0.2,0,0.5,0.2,1,8,567
"128","data/0.2-0-0.5-0.2/568",0.2,0,0.5,0.2,1,8,568
"129","data/0.2-0-0.5-0.2/569",0.2,0,0.5,0.2,1,8,569
"130","data/0.2-0-0.5-0.2/570",0.2,0,0.5,0.2,1,8,570
"131","data/0.2-0-0.5-0.2/571",0.2,0,0.5,0.2,1,8,571
"132","data/0.2-0-0.5-0.2/572",0.2,0,0.5,0.2,1,8,572
"133","data/0.2-0-0.5-0.2/573",0.2,0,0.5,0.2,1,8,573
"134","data/0.2-0-0.5-0.2/574",0.2,0,0.5,0.2,1,8,574
"135","data/0.2-0-0.5-0.2/575",0.2,0,0.5,0.2,1,8,575
"136","data/0.2-0-0.5-0.2/576",0.2,0,0.5,0.2,1,8,576
"137","data/0.2-0-0.5-0.2/577",0.2,0,0.5,0.2,1,8,577
"138","data/0.2-0-0.5-0.2/578",0.2,0,0.5,0.2,1,8,578
"139","data/0.2-0-0.5-0.2/579",0.2,0,0.5,0.2,1,8,579
"140","data/0.2-0-0.5-0.2/580",0.2,0,0.5,0.2,1,8,580
"141","data/0.2-0-0.5-0.2/581",0.2,0,0.5,0.2,1,8,581
"142","data/0.2-0-0.5-0.2/582",0.2,0,0.5,0.2,1,8,582
"143","data/0.2-0-0.5-0.2/583",0.2,0,0.5,0.2,1,8,583
"144","data/0.2-0-0.5-0.2/584",0.2,0,0.5,0.2,1,8,584
"145","data/0.2-0-0.5-0.2/585",0.2,0,0.5,0.2,1,8,585
"146","data/0.2-0-0.5-0.2/586",0.2,0,0.5,0.2,1,8,586
"147","data/0.2-0-0.5-0.2/587",0.2,0,0.5,0.2,1,8,587
"148","data/0.2-0-0.5-0.2/588",0.2,0,0.5,0.2,1,8,588
"149","data/0.2-0-0.5-0.2/589",0.2,0,0.5,0.2,1,8,589
"150","data/0.2-0-0.5-0.2/590",0.2,0,0.5,0.2,1,8,590
"151","data/0.2-0-0.5-0.2/591",0.2,0,0.5,0.2,1,8,591
"152","data/0.2-0-0.5-0.2/592",0.2,0,0.5,0.2,1,8,592
"153","data/0.2-0-0.5-0.2/593",0.2,0,0.5,0.2,1,8,593
"154","data/0.2-0-0.5-0.2/594",0.2,0,0.5,0.2,1,8,594
"155","data/0.2-0-0.5-0.2/595",0.2,0,0.5,0.2,1,8,595
"156","data/0.2-0-0.5-0.2/596",0.2,0,0.5,0.2,1,8,596
"157","data/0.2-0-0.5-0.2/597",0.2,0,0.5,0.2,1,8,597
"158","data/0.2-0-0.5-0.2/598",0.2,0,0.5,0.2,1,8,598
"159","data/0.2-0-0.5-0.2/599",0.2,0,0.5,0.2,1,8,599
"160","data/0.2-0-0.5-0.2/600",0.2,0,0.5,0.2,1,8,600
"161","data/0.2-0-1-0.1/161",0.2,0,1,0.1,1,8,161
"162","data/0.2-0-1-0.1/162",0.2,0,1,0.1,1,8,162
"163","data/0.2-0-1-0.1/163",0.2,0,1,0.1,1,8,163
"164","data/0.2-0-1-0.1/164",0.2,0,1,0.1,1,8,164
"165","data/0.2-0-1-0.1/165",0.2,0,1,0.1,1,8,165
"166","data/0.2-0-1-0.1/166",0.2,0,1,0.1,1,8,166
"167","data/0.2-0-1-0.1/167",0.2,0,1,0.1,1,8,167
"168","data/0.2-0-1-0.1/168",0.2,0,1,0.1,1,8,168
"169","data/0.2-0-1-0.1/169",0.2,0,1,0.1,1,8,169
"170","data/0.2-0-1-0.1/170",0.2,0,1,0.1,1,8,170
"171","data/0.2-0-1-0.1/171",0.2,0,1,0.1,1,8,171
"172","data/0.2-0-1-0.1/172",0.2,0,1,0.1,1,8,172
"173","data/0.2-0-1-0.1/173",0.2,0,1,0.1,1,8,173
"174","data/0.2-0-1-0.1/174",0.2,0,1,0.1,1,8,174
"175","data/0.2-0-1-0.1/175",0.2,0,1,0.1,1,8,175
"176","data/0.2-0-1-0.1/176",0.2,0,1,0.1,1,8,176
"177","data/0.2-0-1-0.1/177",0.2,0,1,0.1,1,8,177
"178","data/0.2-0-1-0.1/178",0.2,0,1,0.1,1,8,178
"179","data/0.2-0-1-0.1/179",0.2,0,1,0.1,1,8,179
"180","data/0.2-0-1-0.1/180",0.2,0,1,0.1,1,8,180
"181","data/0.2-0-1-0.1/181",0.2,0,1,0.1,1,8,181
"182","data/0.2-0-1-0.1/182",0.2,0,1,0.1,1,8,182
"183","data/0.2-0-1-0.1/183",0.2,0,1,0.1,1,8,183
"184","data/0.2-0-1-0.1/184",0.2,0,1,0.1,1,8,184
"185","data/0.2-0-1-0.1/185",0.2,0,1,0.1,1,8,185
"186","data/0.2-0-1-0.1/186",0.2,0,1,0.1,1,8,186
"187","data/0.2-0-1-0.1/187",0.2,0,1,0.1,1,8,187
"188","data/0.2-0-1-0.1/188",0.2,0,1,0.1,1,8,188
"189","data/0.2-0-1-0.1/189",0.2,0,1,0.1,1,8,189
"190","data/0.2-0-1-0.1/190",0.2,0,1,0.1,1,8,190
"191","data/0.2-0-1-0.1/191",0.2,0,1,0.1,1,8,191
"192","data/0.2-0-1-0.1/192",0.2,0,1,0.1,1,8,192
"193","data/0.2-0-1-0.1/193",0.2,0,1,0.1,1,8,193
"194","data/0.2-0-1-0.1/194",0.2,0,1,0.1,1,8,194
"195","data/0.2-0-1-0.1/195",0.2,0,1,0.1,1,8,195
"196","data/0.2-0-1-0.1/196",0.2,0,1,0.1,1,8,196
"197","data/0.2-0-1-0.1/197",0.2,0,1,0.1,1,8,197
"198","data/0.2-0-1-0.1/198",0.2,0,1,0.1,1,8,198
"199","data/0.2-0-1-0.1/199",0.2,0,1,0.1,1,8,199
"200","data/0.2-0-1-0.1/200",0.2,0,1,0.1,1,8,200
"201","data/0.2-0-1-0.15/401",0.2,0,1,0.15,1,8,401
"202","data/0.2-0-1-0.15/402",0.2,0,1,0.15,1,8,402
"203","data/0.2-0-1-0.15/403",0.2,0,1,0.15,1,8,403
"204","data/0.2-0-1-0.15/404",0.2,0,1,0.15,1,8,404
"205","data/0.2-0-1-0.15/405",0.2,0,1,0.15,1,8,405
"206","data/0.2-0-1-0.15/406",0.2,0,1,0.15,1,8,406
"207","data/0.2-0-1-0.15/407",0.2,0,1,0.15,1,8,407
"208","data/0.2-0-1-0.15/408",0.2,0,1,0.15,1,8,408
"209","data/0.2-0-1-0.15/409",0.2,0,1,0.15,1,8,409
"210","data/0.2-0-1-0.15/410",0.2,0,1,0.15,1,8,410
"211","data/0.2-0-1-0.15/411",0.2,0,1,0.15,1,8,411
"212","data/0.2-0-1-0.15/412",0.2,0,1,0.15,1,8,412
"213","data/0.2-0-1-0.15/413",0.2,0,1,0.15,1,8,413
"214","data/0.2-0-1-0.15/414",0.2,0,1,0.15,1,8,414
"215","data/0.2-0-1-0.15/415",0.2,0,1,0.15,1,8,415
"216","data/0.2-0-1-0.15/416",0.2,0,1,0.15,1,8,416
"217","data/0.2-0-1-0.15/417",0.2,0,1,0.15,1,8,417
"218","data/0.2-0-1-0.15/418",0.2,0,1,0.15,1,8,418
"219","data/0.2-0-1-0.15/419",0.2,0,1,0.15,1,8,419
"220","data/0.2-0-1-0.15/420",0.2,0,1,0.15,1,8,420
"221","data/0.2-0-1-0.15/421",0.2,0,1,0.15,1,8,421
"222","data/0.2-0-1-0.15/422",0.2,0,1,0.15,1,8,422
"223","data/0.2-0-1-0.15/423",0.2,0,1,0.15,1,8,423
"224","data/0.2-0-1-0.15/424",0.2,0,1,0.15,1,8,424
"225","data/0.2-0-1-0.15/425",0.2,0,1,0.15,1,8,425
"226","data/0.2-0-1-0.15/426",0.2,0,1,0.15,1,8,426
"227","data/0.2-0-1-0.15/427",0.2,0,1,0.15,1,8,427
"228","data/0.2-0-1-0.15/428",0.2,0,1,0.15,1,8,428
"229","data/0.2-0-1-0.15/429",0.2,0,1,0.15,1,8,429
"230","data/0.2-0-1-0.15/430",0.2,0,1,0.15,1,8,430
"231","data/0.2-0-1-0.15/431",0.2,0,1,0.15,1,8,431
"232","data/0.2-0-1-0.15/432",0.2,0,1,0.15,1,8,432
"233","data/0.2-0-1-0.15/433",0.2,0,1,0.15,1,8,433
"234","data/0.2-0-1-0.15/434",0.2,0,1,0.15,1,8,434
"235","data/0.2-0-1-0.15/435",0.2,0,1,0.15,1,8,435
"236","data/0.2-0-1-0.15/436",0.2,0,1,0.15,1,8,436
"237","data/0.2-0-1-0.15/437",0.2,0,1,0.15,1,8,437
"238","data/0.2-0-1-0.15/438",0.2,0,1,0.15,1,8,438
"239","data/0.2-0-1-0.15/439",0.2,0,1,0.15,1,8,439
"240","data/0.2-0-1-0.15/440",0.2,0,1,0.15,1,8,440
"241","data/0.2-0-1-0.2/641",0.2,0,1,0.2,1,8,641
"242","data/0.2-0-1-0.2/642",0.2,0,1,0.2,1,8,642
"243","data/0.2-0-1-0.2/643",0.2,0,1,0.2,1,8,643
"244","data/0.2-0-1-0.2/644",0.2,0,1,0.2,1,8,644
"245","data/0.2-0-1-0.2/645",0.2,0,1,0.2,1,8,645
"246","data/0.2-0-1-0.2/646",0.2,0,1,0.2,1,8,646
"247","data/0.2-0-1-0.2/647",0.2,0,1,0.2,1,8,647
"248","data/0.2-0-1-0.2/648",0.2,0,1,0.2,1,8,648
"249","data/0.2-0-1-0.2/649",0.2,0,1,0.2,1,8,649
"250","data/0.2-0-1-0.2/650",0.2,0,1,0.2,1,8,650
"251","data/0.2-0-1-0.2/651",0.2,0,1,0.2,1,8,651
"252","data/0.2-0-1-0.2/652",0.2,0,1,0.2,1,8,652
"253","data/0.2-0-1-0.2/653",0.2,0,1,0.2,1,8,653
"254","data/0.2-0-1-0.2/654",0.2,0,1,0.2,1,8,654
"255","data/0.2-0-1-0.2/655",0.2,0,1,0.2,1,8,655
"256","data/0.2-0-1-0.2/656",0.2,0,1,0.2,1,8,656
"257","data/0.2-0-1-0.2/657",0.2,0,1,0.2,1,8,657
"258","data/0.2-0-1-0.2/658",0.2,0,1,0.2,1,8,658
"259","data/0.2-0-1-0.2/659",0.2,0,1,0.2,1,8,659
"260","data/0.2-0-1-0.2/660",0.2,0,1,0.2,1,8,660
"261","data/0.2-0-1-0.2/661",0.2,0,1,0.2,1,8,661
"262","data/0.2-0-1-0.2/662",0.2,0,1,0.2,1,8,662
"263","data/0.2-0-1-0.2/663",0.2,0,1,0.2,1,8,663
"264","data/0.2-0-1-0.2/664",0.2,0,1,0.2,1,8,664
"265","data/0.2-0-1-0.2/665",0.2,0,1,0.2,1,8,665
"266","data/0.2-0-1-0.2/666",0.2,0,1,0.2,1,8,666
"267","data/0.2-0-1-0.2/667",0.2,0,1,0.2,1,8,667
"268","data/0.2-0-1-0.2/668",0.2,0,1,0.2,1,8,668
"269","data/0.2-0-1-0.2/669",0.2,0,1,0.2,1,8,669
"270","data/0.2-0-1-0.2/670",0.2,0,1,0.2,1,8,670
"271","data/0.2-0-1-0.2/671",0.2,0,1,0.2,1,8,671
"272","data/0.2-0-1-0.2/672",0.2,0,1,0.2,1,8,672
"273","data/0.2-0-1-0.2/673",0.2,0,1,0.2,1,8,673
"274","data/0.2-0-1-0.2/674",0.2,0,1,0.2,1,8,674
"275","data/0.2-0-1-0.2/675",0.2,0,1,0.2,1,8,675
"276","data/0.2-0-1-0.2/676",0.2,0,1,0.2,1,8,676
"277","data/0.2-0-1-0.2/677",0.2,0,1,0.2,1,8,677
"278","data/0.2-0-1-0.2/678",0.2,0,1,0.2,1,8,678
"279","data/0.2-0-1-0.2/679",0.2,0,1,0.2,1,8,679
"280","data/0.2-0-1-0.2/680",0.2,0,1,0.2,1,8,680
"281","data/0.2-0-1.5-0.1/241",0.2,0,1.5,0.1,1,8,241
"282","data/0.2-0-1.5-0.1/242",0.2,0,1.5,0.1,1,8,242
"283","data/0.2-0-1.5-0.1/243",0.2,0,1.5,0.1,1,8,243
"284","data/0.2-0-1.5-0.1/244",0.2,0,1.5,0.1,1,8,244
"285","data/0.2-0-1.5-0.1/245",0.2,0,1.5,0.1,1,8,245
"286","data/0.2-0-1.5-0.1/246",0.2,0,1.5,0.1,1,8,246
"287","data/0.2-0-1.5-0.1/247",0.2,0,1.5,0.1,1,8,247
"288","data/0.2-0-1.5-0.1/248",0.2,0,1.5,0.1,1,8,248
"289","data/0.2-0-1.5-0.1/249",0.2,0,1.5,0.1,1,8,249
"290","data/0.2-0-1.5-0.1/250",0.2,0,1.5,0.1,1,8,250
"291","data/0.2-0-1.5-0.1/251",0.2,0,1.5,0.1,1,8,251
"292","data/0.2-0-1.5-0.1/252",0.2,0,1.5,0.1,1,8,252
"293","data/0.2-0-1.5-0.1/253",0.2,0,1.5,0.1,1,8,253
"294","data/0.2-0-1.5-0.1/254",0.2,0,1.5,0.1,1,8,254
"295","data/0.2-0-1.5-0.1/255",0.2,0,1.5,0.1,1,8,255
"296","data/0.2-0-1.5-0.1/256",0.2,0,1.5,0.1,1,8,256
"297","data/0.2-0-1.5-0.1/257",0.2,0,1.5,0.1,1,8,257
"298","data/0.2-0-1.5-0.1/258",0.2,0,1.5,0.1,1,8,258
"299","data/0.2-0-1.5-0.1/259",0.2,0,1.5,0.1,1,8,259
"300","data/0.2-0-1.5-0.1/260",0.2,0,1.5,0.1,1,8,260
"301","data/0.2-0-1.5-0.1/261",0.2,0,1.5,0.1,1,8,261
"302","data/0.2-0-1.5-0.1/262",0.2,0,1.5,0.1,1,8,262
"303","data/0.2-0-1.5-0.1/263",0.2,0,1.5,0.1,1,8,263
"304","data/0.2-0-1.5-0.1/264",0.2,0,1.5,0.1,1,8,264
"305","data/0.2-0-1.5-0.1/265",0.2,0,1.5,0.1,1,8,265
"306","data/0.2-0-1.5-0.1/266",0.2,0,1.5,0.1,1,8,266
"307","data/0.2-0-1.5-0.1/267",0.2,0,1.5,0.1,1,8,267
"308","data/0.2-0-1.5-0.1/268",0.2,0,1.5,0.1,1,8,268
"309","data/0.2-0-1.5-0.1/269",0.2,0,1.5,0.1,1,8,269
"310","data/0.2-0-1.5-0.1/270",0.2,0,1.5,0.1,1,8,270
"311","data/0.2-0-1.5-0.1/271",0.2,0,1.5,0.1,1,8,271
"312","data/0.2-0-1.5-0.1/272",0.2,0,1.5,0.1,1,8,272
"313","data/0.2-0-1.5-0.1/273",0.2,0,1.5,0.1,1,8,273
"314","data/0.2-0-1.5-0.1/274",0.2,0,1.5,0.1,1,8,274
"315","data/0.2-0-1.5-0.1/275",0.2,0,1.5,0.1,1,8,275
"316","data/0.2-0-1.5-0.1/276",0.2,0,1.5,0.1,1,8,276
"317","data/0.2-0-1.5-0.1/277",0.2,0,1.5,0.1,1,8,277
"318","data/0.2-0-1.5-0.1/278",0.2,0,1.5,0.1,1,8,278
"319","data/0.2-0-1.5-0.1/279",0.2,0,1.5,0.1,1,8,279
"320","data/0.2-0-1.5-0.1/280",0.2,0,1.5,0.1,1,8,280
"321","data/0.2-0-1.5-0.15/481",0.2,0,1.5,0.15,1,8,481
"322","data/0.2-0-1.5-0.15/482",0.2,0,1.5,0.15,1,8,482
"323","data/0.2-0-1.5-0.15/483",0.2,0,1.5,0.15,1,8,483
"324","data/0.2-0-1.5-0.15/484",0.2,0,1.5,0.15,1,8,484
"325","data/0.2-0-1.5-0.15/485",0.2,0,1.5,0.15,1,8,485
"326","data/0.2-0-1.5-0.15/486",0.2,0,1.5,0.15,1,8,486
"327","data/0.2-0-1.5-0.15/487",0.2,0,1.5,0.15,1,8,487
"328","data/0.2-0-1.5-0.15/488",0.2,0,1.5,0.15,1,8,488
"329","data/0.2-0-1.5-0.15/489",0.2,0,1.5,0.15,1,8,489
"330","data/0.2-0-1.5-0.15/490",0.2,0,1.5,0.15,1,8,490
"331","data/0.2-0-1.5-0.15/491",0.2,0,1.5,0.15,1,8,491
"332","data/0.2-0-1.5-0.15/492",0.2,0,1.5,0.15,1,8,492
"333","data/0.2-0-1.5-0.15/493",0.2,0,1.5,0.15,1,8,493
"334","data/0.2-0-1.5-0.15/494",0.2,0,1.5,0.15,1,8,494
"335","data/0.2-0-1.5-0.15/495",0.2,0,1.5,0.15,1,8,495
"336","data/0.2-0-1.5-0.15/496",0.2,0,1.5,0.15,1,8,496
"337","data/0.2-0-1.5-0.15/497",0.2,0,1.5,0.15,1,8,497
"338","data/0.2-0-1.5-0.15/498",0.2,0,1.5,0.15,1,8,498
"339","data/0.2-0-1.5-0.15/499",0.2,0,1.5,0.15,1,8,499
"340","data/0.2-0-1.5-0.15/500",0.2,0,1.5,0.15,1,8,500
"341","data/0.2-0-1.5-0.15/501",0.2,0,1.5,0.15,1,8,501
"342","data/0.2-0-1.5-0.15/502",0.2,0,1.5,0.15,1,8,502
"343","data/0.2-0-1.5-0.15/503",0.2,0,1.5,0.15,1,8,503
"344","data/0.2-0-1.5-0.15/504",0.2,0,1.5,0.15,1,8,504
"345","data/0.2-0-1.5-0.15/505",0.2,0,1.5,0.15,1,8,505
"346","data/0.2-0-1.5-0.15/506",0.2,0,1.5,0.15,1,8,506
"347","data/0.2-0-1.5-0.15/507",0.2,0,1.5,0.15,1,8,507
"348","data/0.2-0-1.5-0.15/508",0.2,0,1.5,0.15,1,8,508
"349","data/0.2-0-1.5-0.15/509",0.2,0,1.5,0.15,1,8,509
"350","data/0.2-0-1.5-0.15/510",0.2,0,1.5,0.15,1,8,510
"351","data/0.2-0-1.5-0.15/511",0.2,0,1.5,0.15,1,8,511
"352","data/0.2-0-1.5-0.15/512",0.2,0,1.5,0.15,1,8,512
"353","data/0.2-0-1.5-0.15/513",0.2,0,1.5,0.15,1,8,513
"354","data/0.2-0-1.5-0.15/514",0.2,0,1.5,0.15,1,8,514
"355","data/0.2-0-1.5-0.15/515",0.2,0,1.5,0.15,1,8,515
"356","data/0.2-0-1.5-0.15/516",0.2,0,1.5,0.15,1,8,516
"357","data/0.2-0-1.5-0.15/517",0.2,0,1.5,0.15,1,8,517
"358","data/0.2-0-1.5-0.15/518",0.2,0,1.5,0.15,1,8,518
"359","data/0.2-0-1.5-0.15/519",0.2,0,1.5,0.15,1,8,519
"360","data/0.2-0-1.5-0.15/520",0.2,0,1.5,0.15,1,8,520
"361","data/0.2-0-1.5-0.2/721",0.2,0,1.5,0.2,1,8,721
"362","data/0.2-0-1.5-0.2/722",0.2,0,1.5,0.2,1,8,722
"363","data/0.2-0-1.5-0.2/723",0.2,0,1.5,0.2,1,8,723
"364","data/0.2-0-1.5-0.2/724",0.2,0,1.5,0.2,1,8,724
"365","data/0.2-0-1.5-0.2/725",0.2,0,1.5,0.2,1,8,725
"366","data/0.2-0-1.5-0.2/726",0.2,0,1.5,0.2,1,8,726
"367","data/0.2-0-1.5-0.2/727",0.2,0,1.5,0.2,1,8,727
"368","data/0.2-0-1.5-0.2/728",0.2,0,1.5,0.2,1,8,728
"369","data/0.2-0-1.5-0.2/729",0.2,0,1.5,0.2,1,8,729
"370","data/0.2-0-1.5-0.2/730",0.2,0,1.5,0.2,1,8,730
"371","data/0.2-0-1.5-0.2/731",0.2,0,1.5,0.2,1,8,731
"372","data/0.2-0-1.5-0.2/732",0.2,0,1.5,0.2,1,8,732
"373","data/0.2-0-1.5-0.2/733",0.2,0,1.5,0.2,1,8,733
"374","data/0.2-0-1.5-0.2/734",0.2,0,1.5,0.2,1,8,734
"375","data/0.2-0-1.5-0.2/735",0.2,0,1.5,0.2,1,8,735
"376","data/0.2-0-1.5-0.2/736",0.2,0,1.5,0.2,1,8,736
"377","data/0.2-0-1.5-0.2/737",0.2,0,1.5,0.2,1,8,737
"378","data/0.2-0-1.5-0.2/738",0.2,0,1.5,0.2,1,8,738
"379","data/0.2-0-1.5-0.2/739",0.2,0,1.5,0.2,1,8,739
"380","data/0.2-0-1.5-0.2/740",0.2,0,1.5,0.2,1,8,740
"381","data/0.2-0-1.5-0.2/741",0.2,0,1.5,0.2,1,8,741
"382","data/0.2-0-1.5-0.2/742",0.2,0,1.5,0.2,1,8,742
"383","data/0.2-0-1.5-0.2/743",0.2,0,1.5,0.2,1,8,743
"384","data/0.2-0-1.5-0.2/744",0.2,0,1.5,0.2,1,8,744
"385","data/0.2-0-1.5-0.2/745",0.2,0,1.5,0.2,1,8,745
"386","data/0.2-0-1.5-0.2/746",0.2,0,1.5,0.2,1,8,746
"387","data/0.2-0-1.5-0.2/747",0.2,0,1.5,0.2,1,8,747
"388","data/0.2-0-1.5-0.2/748",0.2,0,1.5,0.2,1,8,748
"389","data/0.2-0-1.5-0.2/749",0.2,0,1.5,0.2,1,8,749
"390","data/0.2-0-1.5-0.2/750",0.2,0,1.5,0.2,1,8,750
"391","data/0.2-0-1.5-0.2/751",0.2,0,1.5,0.2,1,8,751
"392","data/0.2-0-1.5-0.2/752",0.2,0,1.5,0.2,1,8,752
"393","data/0.2-0-1.5-0.2/753",0.2,0,1.5,0.2,1,8,753
"394","data/0.2-0-1.5-0.2/754",0.2,0,1.5,0.2,1,8,754
"395","data/0.2-0-1.5-0.2/755",0.2,0,1.5,0.2,1,8,755
"396","data/0.2-0-1.5-0.2/756",0.2,0,1.5,0.2,1,8,756
"397","data/0.2-0-1.5-0.2/757",0.2,0,1.5,0.2,1,8,757
"398","data/0.2-0-1.5-0.2/758",0.2,0,1.5,0.2,1,8,758
"399","data/0.2-0-1.5-0.2/759",0.2,0,1.5,0.2,1,8,759
"400","data/0.2-0-1.5-0.2/760",0.2,0,1.5,0.2,1,8,760
"401","data/0.2-0.1-0-0/41",0.2,0.1,0,0,1,8,41
"402","data/0.2-0.1-0-0/42",0.2,0.1,0,0,1,8,42
"403","data/0.2-0.1-0-0/43",0.2,0.1,0,0,1,8,43
"404","data/0.2-0.1-0-0/44",0.2,0.1,0,0,1,8,44
"405","data/0.2-0.1-0-0/45",0.2,0.1,0,0,1,8,45
"406","data/0.2-0.1-0-0/46",0.2,0.1,0,0,1,8,46
"407","data/0.2-0.1-0-0/47",0.2,0.1,0,0,1,8,47
"408","data/0.2-0.1-0-0/48",0.2,0.1,0,0,1,8,48
"409","data/0.2-0.1-0-0/49",0.2,0.1,0,0,1,8,49
"410","data/0.2-0.1-0-0/50",0.2,0.1,0,0,1,8,50
"411","data/0.2-0.1-0-0/51",0.2,0.1,0,0,1,8,51
"412","data/0.2-0.1-0-0/52",0.2,0.1,0,0,1,8,52
"413","data/0.2-0.1-0-0/53",0.2,0.1,0,0,1,8,53
"414","data/0.2-0.1-0-0/54",0.2,0.1,0,0,1,8,54
"415","data/0.2-0.1-0-0/55",0.2,0.1,0,0,1,8,55
"416","data/0.2-0.1-0-0/56",0.2,0.1,0,0,1,8,56
"417","data/0.2-0.1-0-0/57",0.2,0.1,0,0,1,8,57
"418","data/0.2-0.1-0-0/58",0.2,0.1,0,0,1,8,58
"419","data/0.2-0.1-0-0/59",0.2,0.1,0,0,1,8,59
"420","data/0.2-0.1-0-0/60",0.2,0.1,0,0,1,8,60
"421","data/0.2-0.1-0-0/61",0.2,0.1,0,0,1,8,61
"422","data/0.2-0.1-0-0/62",0.2,0.1,0,0,1,8,62
"423","data/0.2-0.1-0-0/63",0.2,0.1,0,0,1,8,63
"424","data/0.2-0.1-0-0/64",0.2,0.1,0,0,1,8,64
"425","data/0.2-0.1-0-0/65",0.2,0.1,0,0,1,8,65
"426","data/0.2-0.1-0-0/66",0.2,0.1,0,0,1,8,66
"427","data/0.2-0.1-0-0/67",0.2,0.1,0,0,1,8,67
"428","data/0.2-0.1-0-0/68",0.2,0.1,0,0,1,8,68
"429","data/0.2-0.1-0-0/69",0.2,0.1,0,0,1,8,69
"430","data/0.2-0.1-0-0/70",0.2,0.1,0,0,1,8,70
"431","data/0.2-0.1-0-0/71",0.2,0.1,0,0,1,8,71
"432","data/0.2-0.1-0-0/72",0.2,0.1,0,0,1,8,72
"433","data/0.2-0.1-0-0/73",0.2,0.1,0,0,1,8,73
"434","data/0.2-0.1-0-0/74",0.2,0.1,0,0,1,8,74
"435","data/0.2-0.1-0-0/75",0.2,0.1,0,0,1,8,75
"436","data/0.2-0.1-0-0/76",0.2,0.1,0,0,1,8,76
"437","data/0.2-0.1-0-0/77",0.2,0.1,0,0,1,8,77
"438","data/0.2-0.1-0-0/78",0.2,0.1,0,0,1,8,78
"439","data/0.2-0.1-0-0/79",0.2,0.1,0,0,1,8,79
"440","data/0.2-0.1-0-0/80",0.2,0.1,0,0,1,8,80
"441","data/0.2-0.1-0.5-0.1/121",0.2,0.1,0.5,0.1,1,8,121
"442","data/0.2-0.1-0.5-0.1/122",0.2,0.1,0.5,0.1,1,8,122
"443","data/0.2-0.1-0.5-0.1/123",0.2,0.1,0.5,0.1,1,8,123
"444","data/0.2-0.1-0.5-0.1/124",0.2,0.1,0.5,0.1,1,8,124
"445","data/0.2-0.1-0.5-0.1/125",0.2,0.1,0.5,0.1,1,8,125
"446","data/0.2-0.1-0.5-0.1/126",0.2,0.1,0.5,0.1,1,8,126
"447","data/0.2-0.1-0.5-0.1/127",0.2,0.1,0.5,0.1,1,8,127
"448","data/0.2-0.1-0.5-0.1/128",0.2,0.1,0.5,0.1,1,8,128
"449","data/0.2-0.1-0.5-0.1/129",0.2,0.1,0.5,0.1,1,8,129
"450","data/0.2-0.1-0.5-0.1/130",0.2,0.1,0.5,0.1,1,8,130
"451","data/0.2-0.1-0.5-0.1/131",0.2,0.1,0.5,0.1,1,8,131
"452","data/0.2-0.1-0.5-0.1/132",0.2,0.1,0.5,0.1,1,8,132
"453","data/0.2-0.1-0.5-0.1/133",0.2,0.1,0.5,0.1,1,8,133
"454","data/0.2-0.1-0.5-0.1/134",0.2,0.1,0.5,0.1,1,8,134
"455","data/0.2-0.1-0.5-0.1/135",0.2,0.1,0.5,0.1,1,8,135
"456","data/0.2-0.1-0.5-0.1/136",0.2,0.1,0.5,0.1,1,8,136
"457","data/0.2-0.1-0.5-0.1/137",0.2,0.1,0.5,0.1,1,8,137
"458","data/0.2-0.1-0.5-0.1/138",0.2,0.1,0.5,0.1,1,8,138
"459","data/0.2-0.1-0.5-0.1/139",0.2,0.1,0.5,0.1,1,8,139
"460","data/0.2-0.1-0.5-0.1/140",0.2,0.1,0.5,0.1,1,8,140
"461","data/0.2-0.1-0.5-0.1/141",0.2,0.1,0.5,0.1,1,8,141
"462","data/0.2-0.1-0.5-0.1/142",0.2,0.1,0.5,0.1,1,8,142
"463","data/0.2-0.1-0.5-0.1/143",0.2,0.1,0.5,0.1,1,8,143
"464","data/0.2-0.1-0.5-0.1/144",0.2,0.1,0.5,0.1,1,8,144
"465","data/0.2-0.1-0.5-0.1/145",0.2,0.1,0.5,0.1,1,8,145
"466","data/0.2-0.1-0.5-0.1/146",0.2,0.1,0.5,0.1,1,8,146
"467","data/0.2-0.1-0.5-0.1/147",0.2,0.1,0.5,0.1,1,8,147
"468","data/0.2-0.1-0.5-0.1/148",0.2,0.1,0.5,0.1,1,8,148
"469","data/0.2-0.1-0.5-0.1/149",0.2,0.1,0.5,0.1,1,8,149
"470","data/0.2-0.1-0.5-0.1/150",0.2,0.1,0.5,0.1,1,8,150
"471","data/0.2-0.1-0.5-0.1/151",0.2,0.1,0.5,0.1,1,8,151
"472","data/0.2-0.1-0.5-0.1/152",0.2,0.1,0.5,0.1,1,8,152
"473","data/0.2-0.1-0.5-0.1/153",0.2,0.1,0.5,0.1,1,8,153
"474","data/0.2-0.1-0.5-0.1/154",0.2,0.1,0.5,0.1,1,8,154
"475","data/0.2-0.1-0.5-0.1/155",0.2,0.1,0.5,0.1,1,8,155
"476","data/0.2-0.1-0.5-0.1/156",0.2,0.1,0.5,0.1,1,8,156
"477","data/0.2-0.1-0.5-0.1/157",0.2,0.1,0.5,0.1,1,8,157
"478","data/0.2-0.1-0.5-0.1/158",0.2,0.1,0.5,0.1,1,8,158
"479","data/0.2-0.1-0.5-0.1/159",0.2,0.1,0.5,0.1,1,8,159
"480","data/0.2-0.1-0.5-0.1/160",0.2,0.1,0.5,0.1,1,8,160
"481","data/0.2-0.1-0.5-0.15/361",0.2,0.1,0.5,0.15,1,8,361
"482","data/0.2-0.1-0.5-0.15/362",0.2,0.1,0.5,0.15,1,8,362
"483","data/0.2-0.1-0.5-0.15/363",0.2,0.1,0.5,0.15,1,8,363
"484","data/0.2-0.1-0.5-0.15/364",0.2,0.1,0.5,0.15,1,8,364
"485","data/0.2-0.1-0.5-0.15/365",0.2,0.1,0.5,0.15,1,8,365
"486","data/0.2-0.1-0.5-0.15/366",0.2,0.1,0.5,0.15,1,8,366
"487","data/0.2-0.1-0.5-0.15/367",0.2,0.1,0.5,0.15,1,8,367
"488","data/0.2-0.1-0.5-0.15/368",0.2,0.1,0.5,0.15,1,8,368
"489","data/0.2-0.1-0.5-0.15/369",0.2,0.1,0.5,0.15,1,8,369
"490","data/0.2-0.1-0.5-0.15/370",0.2,0.1,0.5,0.15,1,8,370
"491","data/0.2-0.1-0.5-0.15/371",0.2,0.1,0.5,0.15,1,8,371
"492","data/0.2-0.1-0.5-0.15/372",0.2,0.1,0.5,0.15,1,8,372
"493","data/0.2-0.1-0.5-0.15/373",0.2,0.1,0.5,0.15,1,8,373
"494","data/0.2-0.1-0.5-0.15/374",0.2,0.1,0.5,0.15,1,8,374
"495","data/0.2-0.1-0.5-0.15/375",0.2,0.1,0.5,0.15,1,8,375
"496","data/0.2-0.1-0.5-0.15/376",0.2,0.1,0.5,0.15,1,8,376
"497","data/0.2-0.1-0.5-0.15/377",0.2,0.1,0.5,0.15,1,8,377
"498","data/0.2-0.1-0.5-0.15/378",0.2,0.1,0.5,0.15,1,8,378
"499","data/0.2-0.1-0.5-0.15/379",0.2,0.1,0.5,0.15,1,8,379
"500","data/0.2-0.1-0.5-0.15/380",0.2,0.1,0.5,0.15,1,8,380
"501","data/0.2-0.1-0.5-0.15/381",0.2,0.1,0.5,0.15,1,8,381
"502","data/0.2-0.1-0.5-0.15/382",0.2,0.1,0.5,0.15,1,8,382
"503","data/0.2-0.1-0.5-0.15/383",0.2,0.1,0.5,0.15,1,8,383
"504","data/0.2-0.1-0.5-0.15/384",0.2,0.1,0.5,0.15,1,8,384
"505","data/0.2-0.1-0.5-0.15/385",0.2,0.1,0.5,0.15,1,8,385
"506","data/0.2-0.1-0.5-0.15/386",0.2,0.1,0.5,0.15,1,8,386
"507","data/0.2-0.1-0.5-0.15/387",0.2,0.1,0.5,0.15,1,8,387
"508","data/0.2-0.1-0.5-0.15/388",0.2,0.1,0.5,0.15,1,8,388
"509","data/0.2-0.1-0.5-0.15/389",0.2,0.1,0.5,0.15,1,8,389
"510","data/0.2-0.1-0.5-0.15/390",0.2,0.1,0.5,0.15,1,8,390
"511","data/0.2-0.1-0.5-0.15/391",0.2,0.1,0.5,0.15,1,8,391
"512","data/0.2-0.1-0.5-0.15/392",0.2,0.1,0.5,0.15,1,8,392
"513","data/0.2-0.1-0.5-0.15/393",0.2,0.1,0.5,0.15,1,8,393
"514","data/0.2-0.1-0.5-0.15/394",0.2,0.1,0.5,0.15,1,8,394
"515","data/0.2-0.1-0.5-0.15/395",0.2,0.1,0.5,0.15,1,8,395
"516","data/0.2-0.1-0.5-0.15/396",0.2,0.1,0.5,0.15,1,8,396
"517","data/0.2-0.1-0.5-0.15/397",0.2,0.1,0.5,0.15,1,8,397
"518","data/0.2-0.1-0.5-0.15/398",0.2,0.1,0.5,0.15,1,8,398
"519","data/0.2-0.1-0.5-0.15/399",0.2,0.1,0.5,0.15,1,8,399
"520","data/0.2-0.1-0.5-0.15/400",0.2,0.1,0.5,0.15,1,8,400
"521","data/0.2-0.1-0.5-0.2/601",0.2,0.1,0.5,0.2,1,8,601
"522","data/0.2-0.1-0.5-0.2/602",0.2,0.1,0.5,0.2,1,8,602
"523","data/0.2-0.1-0.5-0.2/603",0.2,0.1,0.5,0.2,1,8,603
"524","data/0.2-0.1-0.5-0.2/604",0.2,0.1,0.5,0.2,1,8,604
"525","data/0.2-0.1-0.5-0.2/605",0.2,0.1,0.5,0.2,1,8,605
"526","data/0.2-0.1-0.5-0.2/606",0.2,0.1,0.5,0.2,1,8,606
"527","data/0.2-0.1-0.5-0.2/607",0.2,0.1,0.5,0.2,1,8,607
"528","data/0.2-0.1-0.5-0.2/608",0.2,0.1,0.5,0.2,1,8,608
"529","data/0.2-0.1-0.5-0.2/609",0.2,0.1,0.5,0.2,1,8,609
"530","data/0.2-0.1-0.5-0.2/610",0.2,0.1,0.5,0.2,1,8,610
"531","data/0.2-0.1-0.5-0.2/611",0.2,0.1,0.5,0.2,1,8,611
"532","data/0.2-0.1-0.5-0.2/612",0.2,0.1,0.5,0.2,1,8,612
"533","data/0.2-0.1-0.5-0.2/613",0.2,0.1,0.5,0.2,1,8,613
"534","data/0.2-0.1-0.5-0.2/614",0.2,0.1,0.5,0.2,1,8,614
"535","data/0.2-0.1-0.5-0.2/615",0.2,0.1,0.5,0.2,1,8,615
"536","data/0.2-0.1-0.5-0.2/616",0.2,0.1,0.5,0.2,1,8,616
"537","data/0.2-0.1-0.5-0.2/617",0.2,0.1,0.5,0.2,1,8,617
"538","data/0.2-0.1-0.5-0.2/618",0.2,0.1,0.5,0.2,1,8,618
"539","data/0.2-0.1-0.5-0.2/619",0.2,0.1,0.5,0.2,1,8,619
"540","data/0.2-0.1-0.5-0.2/620",0.2,0.1,0.5,0.2,1,8,620
"541","data/0.2-0.1-0.5-0.2/621",0.2,0.1,0.5,0.2,1,8,621
"542","data/0.2-0.1-0.5-0.2/622",0.2,0.1,0.5,0.2,1,8,622
"543","data/0.2-0.1-0.5-0.2/623",0.2,0.1,0.5,0.2,1,8,623
"544","data/0.2-0.1-0.5-0.2/624",0.2,0.1,0.5,0.2,1,8,624
"545","data/0.2-0.1-0.5-0.2/625",0.2,0.1,0.5,0.2,1,8,625
"546","data/0.2-0.1-0.5-0.2/626",0.2,0.1,0.5,0.2,1,8,626
"547","data/0.2-0.1-0.5-0.2/627",0.2,0.1,0.5,0.2,1,8,627
"548","data/0.2-0.1-0.5-0.2/628",0.2,0.1,0.5,0.2,1,8,628
"549","data/0.2-0.1-0.5-0.2/629",0.2,0.1,0.5,0.2,1,8,629
"550","data/0.2-0.1-0.5-0.2/630",0.2,0.1,0.5,0.2,1,8,630
"551","data/0.2-0.1-0.5-0.2/631",0.2,0.1,0.5,0.2,1,8,631
"552","data/0.2-0.1-0.5-0.2/632",0.2,0.1,0.5,0.2,1,8,632
"553","data/0.2-0.1-0.5-0.2/633",0.2,0.1,0.5,0.2,1,8,633
"554","data/0.2-0.1-0.5-0.2/634",0.2,0.1,0.5,0.2,1,8,634
"555","data/0.2-0.1-0.5-0.2/635",0.2,0.1,0.5,0.2,1,8,635
"556","data/0.2-0.1-0.5-0.2/636",0.2,0.1,0.5,0.2,1,8,636
"557","data/0.2-0.1-0.5-0.2/637",0.2,0.1,0.5,0.2,1,8,637
"558","data/0.2-0.1-0.5-0.2/638",0.2,0.1,0.5,0.2,1,8,638
"559","data/0.2-0.1-0.5-0.2/639",0.2,0.1,0.5,0.2,1,8,639
"560","data/0.2-0.1-0.5-0.2/640",0.2,0.1,0.5,0.2,1,8,640
"561","data/0.2-0.1-1-0.1/201",0.2,0.1,1,0.1,1,8,201
"562","data/0.2-0.1-1-0.1/202",0.2,0.1,1,0.1,1,8,202
"563","data/0.2-0.1-1-0.1/203",0.2,0.1,1,0.1,1,8,203
"564","data/0.2-0.1-1-0.1/204",0.2,0.1,1,0.1,1,8,204
"565","data/0.2-0.1-1-0.1/205",0.2,0.1,1,0.1,1,8,205
"566","data/0.2-0.1-1-0.1/206",0.2,0.1,1,0.1,1,8,206
"567","data/0.2-0.1-1-0.1/207",0.2,0.1,1,0.1,1,8,207
"568","data/0.2-0.1-1-0.1/208",0.2,0.1,1,0.1,1,8,208
"569","data/0.2-0.1-1-0.1/209",0.2,0.1,1,0.1,1,8,209
"570","data/0.2-0.1-1-0.1/210",0.2,0.1,1,0.1,1,8,210
"571","data/0.2-0.1-1-0.1/211",0.2,0.1,1,0.1,1,8,211
"572","data/0.2-0.1-1-0.1/212",0.2,0.1,1,0.1,1,8,212
"573","data/0.2-0.1-1-0.1/213",0.2,0.1,1,0.1,1,8,213
"574","data/0.2-0.1-1-0.1/214",0.2,0.1,1,0.1,1,8,214
"575","data/0.2-0.1-1-0.1/215",0.2,0.1,1,0.1,1,8,215
"576","data/0.2-0.1-1-0.1/216",0.2,0.1,1,0.1,1,8,216
"577","data/0.2-0.1-1-0.1/217",0.2,0.1,1,0.1,1,8,217
"578","data/0.2-0.1-1-0.1/218",0.2,0.1,1,0.1,1,8,218
"579","data/0.2-0.1-1-0.1/219",0.2,0.1,1,0.1,1,8,219
"580","data/0.2-0.1-1-0.1/220",0.2,0.1,1,0.1,1,8,220
"581","data/0.2-0.1-1-0.1/221",0.2,0.1,1,0.1,1,8,221
"582","data/0.2-0.1-1-0.1/222",0.2,0.1,1,0.1,1,8,222
"583","data/0.2-0.1-1-0.1/223",0.2,0.1,1,0.1,1,8,223
"584","data/0.2-0.1-1-0.1/224",0.2,0.1,1,0.1,1,8,224
"585","data/0.2-0.1-1-0.1/225",0.2,0.1,1,0.1,1,8,225
"586","data/0.2-0.1-1-0.1/226",0.2,0.1,1,0.1,1,8,226
"587","data/0.2-0.1-1-0.1/227",0.2,0.1,1,0.1,1,8,227
"588","data/0.2-0.1-1-0.1/228",0.2,0.1,1,0.1,1,8,228
"589","data/0.2-0.1-1-0.1/229",0.2,0.1,1,0.1,1,8,229
"590","data/0.2-0.1-1-0.1/230",0.2,0.1,1,0.1,1,8,230
"591","data/0.2-0.1-1-0.1/231",0.2,0.1,1,0.1,1,8,231
"592","data/0.2-0.1-1-0.1/232",0.2,0.1,1,0.1,1,8,232
"593","data/0.2-0.1-1-0.1/233",0.2,0.1,1,0.1,1,8,233
"594","data/0.2-0.1-1-0.1/234",0.2,0.1,1,0.1,1,8,234
"595","data/0.2-0.1-1-0.1/235",0.2,0.1,1,0.1,1,8,235
"596","data/0.2-0.1-1-0.1/236",0.2,0.1,1,0.1,1,8,236
"597","data/0.2-0.1-1-0.1/237",0.2,0.1,1,0.1,1,8,237
"598","data/0.2-0.1-1-0.1/238",0.2,0.1,1,0.1,1,8,238
"599","data/0.2-0.1-1-0.1/239",0.2,0.1,1,0.1,1,8,239
"600","data/0.2-0.1-1-0.1/240",0.2,0.1,1,0.1,1,8,240
"601","data/0.2-0.1-1-0.15/441",0.2,0.1,1,0.15,1,8,441
"602","data/0.2-0.1-1-0.15/442",0.2,0.1,1,0.15,1,8,442
"603","data/0.2-0.1-1-0.15/443",0.2,0.1,1,0.15,1,8,443
"604","data/0.2-0.1-1-0.15/444",0.2,0.1,1,0.15,1,8,444
"605","data/0.2-0.1-1-0.15/445",0.2,0.1,1,0.15,1,8,445
"606","data/0.2-0.1-1-0.15/446",0.2,0.1,1,0.15,1,8,446
"607","data/0.2-0.1-1-0.15/447",0.2,0.1,1,0.15,1,8,447
"608","data/0.2-0.1-1-0.15/448",0.2,0.1,1,0.15,1,8,448
"609","data/0.2-0.1-1-0.15/449",0.2,0.1,1,0.15,1,8,449
"610","data/0.2-0.1-1-0.15/450",0.2,0.1,1,0.15,1,8,450
"611","data/0.2-0.1-1-0.15/451",0.2,0.1,1,0.15,1,8,451
"612","data/0.2-0.1-1-0.15/452",0.2,0.1,1,0.15,1,8,452
"613","data/0.2-0.1-1-0.15/453",0.2,0.1,1,0.15,1,8,453
"614","data/0.2-0.1-1-0.15/454",0.2,0.1,1,0.15,1,8,454
"615","data/0.2-0.1-1-0.15/455",0.2,0.1,1,0.15,1,8,455
"616","data/0.2-0.1-1-0.15/456",0.2,0.1,1,0.15,1,8,456
"617","data/0.2-0.1-1-0.15/457",0.2,0.1,1,0.15,1,8,457
"618","data/0.2-0.1-1-0.15/458",0.2,0.1,1,0.15,1,8,458
"619","data/0.2-0.1-1-0.15/459",0.2,0.1,1,0.15,1,8,459
"620","data/0.2-0.1-1-0.15/460",0.2,0.1,1,0.15,1,8,460
"621","data/0.2-0.1-1-0.15/461",0.2,0.1,1,0.15,1,8,461
"622","data/0.2-0.1-1-0.15/462",0.2,0.1,1,0.15,1,8,462
"623","data/0.2-0.1-1-0.15/463",0.2,0.1,1,0.15,1,8,463
"624","data/0.2-0.1-1-0.15/464",0.2,0.1,1,0.15,1,8,464
"625","data/0.2-0.1-1-0.15/465",0.2,0.1,1,0.15,1,8,465
"626","data/0.2-0.1-1-0.15/466",0.2,0.1,1,0.15,1,8,466
"627","data/0.2-0.1-1-0.15/467",0.2,0.1,1,0.15,1,8,467
"628","data/0.2-0.1-1-0.15/468",0.2,0.1,1,0.15,1,8,468
"629","data/0.2-0.1-1-0.15/469",0.2,0.1,1,0.15,1,8,469
"630","data/0.2-0.1-1-0.15/470",0.2,0.1,1,0.15,1,8,470
"631","data/0.2-0.1-1-0.15/471",0.2,0.1,1,0.15,1,8,471
"632","data/0.2-0.1-1-0.15/472",0.2,0.1,1,0.15,1,8,472
"633","data/0.2-0.1-1-0.15/473",0.2,0.1,1,0.15,1,8,473
"634","data/0.2-0.1-1-0.15/474",0.2,0.1,1,0.15,1,8,474
"635","data/0.2-0.1-1-0.15/475",0.2,0.1,1,0.15,1,8,475
"636","data/0.2-0.1-1-0.15/476",0.2,0.1,1,0.15,1,8,476
"637","data/0.2-0.1-1-0.15/477",0.2,0.1,1,0.15,1,8,477
"638","data/0.2-0.1-1-0.15/478",0.2,0.1,1,0.15,1,8,478
"639","data/0.2-0.1-1-0.15/479",0.2,0.1,1,0.15,1,8,479
"640","data/0.2-0.1-1-0.15/480",0.2,0.1,1,0.15,1,8,480
"641","data/0.2-0.1-1-0.2/681",0.2,0.1,1,0.2,1,8,681
"642","data/0.2-0.1-1-0.2/682",0.2,0.1,1,0.2,1,8,682
"643","data/0.2-0.1-1-0.2/683",0.2,0.1,1,0.2,1,8,683
"644","data/0.2-0.1-1-0.2/684",0.2,0.1,1,0.2,1,8,684
"645","data/0.2-0.1-1-0.2/685",0.2,0.1,1,0.2,1,8,685
"646","data/0.2-0.1-1-0.2/686",0.2,0.1,1,0.2,1,8,686
"647","data/0.2-0.1-1-0.2/687",0.2,0.1,1,0.2,1,8,687
"648","data/0.2-0.1-1-0.2/688",0.2,0.1,1,0.2,1,8,688
"649","data/0.2-0.1-1-0.2/689",0.2,0.1,1,0.2,1,8,689
"650","data/0.2-0.1-1-0.2/690",0.2,0.1,1,0.2,1,8,690
"651","data/0.2-0.1-1-0.2/691",0.2,0.1,1,0.2,1,8,691
"652","data/0.2-0.1-1-0.2/692",0.2,0.1,1,0.2,1,8,692
"653","data/0.2-0.1-1-0.2/693",0.2,0.1,1,0.2,1,8,693
"654","data/0.2-0.1-1-0.2/694",0.2,0.1,1,0.2,1,8,694
"655","data/0.2-0.1-1-0.2/695",0.2,0.1,1,0.2,1,8,695
"656","data/0.2-0.1-1-0.2/696",0.2,0.1,1,0.2,1,8,696
"657","data/0.2-0.1-1-0.2/697",0.2,0.1,1,0.2,1,8,697
"658","data/0.2-0.1-1-0.2/698",0.2,0.1,1,0.2,1,8,698
"659","data/0.2-0.1-1-0.2/699",0.2,0.1,1,0.2,1,8,699
"660","data/0.2-0.1-1-0.2/700",0.2,0.1,1,0.2,1,8,700
"661","data/0.2-0.1-1-0.2/701",0.2,0.1,1,0.2,1,8,701
"662","data/0.2-0.1-1-0.2/702",0.2,0.1,1,0.2,1,8,702
"663","data/0.2-0.1-1-0.2/703",0.2,0.1,1,0.2,1,8,703
"664","data/0.2-0.1-1-0.2/704",0.2,0.1,1,0.2,1,8,704
"665","data/0.2-0.1-1-0.2/705",0.2,0.1,1,0.2,1,8,705
"666","data/0.2-0.1-1-0.2/706",0.2,0.1,1,0.2,1,8,706
"667","data/0.2-0.1-1-0.2/707",0.2,0.1,1,0.2,1,8,707
"668","data/0.2-0.1-1-0.2/708",0.2,0.1,1,0.2,1,8,708
"669","data/0.2-0.1-1-0.2/709",0.2,0.1,1,0.2,1,8,709
"670","data/0.2-0.1-1-0.2/710",0.2,0.1,1,0.2,1,8,710
"671","data/0.2-0.1-1-0.2/711",0.2,0.1,1,0.2,1,8,711
"672","data/0.2-0.1-1-0.2/712",0.2,0.1,1,0.2,1,8,712
"673","data/0.2-0.1-1-0.2/713",0.2,0.1,1,0.2,1,8,713
"674","data/0.2-0.1-1-0.2/714",0.2,0.1,1,0.2,1,8,714
"675","data/0.2-0.1-1-0.2/715",0.2,0.1,1,0.2,1,8,715
"676","data/0.2-0.1-1-0.2/716",0.2,0.1,1,0.2,1,8,716
"677","data/0.2-0.1-1-0.2/717",0.2,0.1,1,0.2,1,8,717
"678","data/0.2-0.1-1-0.2/718",0.2,0.1,1,0.2,1,8,718
"679","data/0.2-0.1-1-0.2/719",0.2,0.1,1,0.2,1,8,719
"680","data/0.2-0.1-1-0.2/720",0.2,0.1,1,0.2,1,8,720
"681","data/0.2-0.1-1.5-0.1/281",0.2,0.1,1.5,0.1,1,8,281
"682","data/0.2-0.1-1.5-0.1/282",0.2,0.1,1.5,0.1,1,8,282
"683","data/0.2-0.1-1.5-0.1/283",0.2,0.1,1.5,0.1,1,8,283
"684","data/0.2-0.1-1.5-0.1/284",0.2,0.1,1.5,0.1,1,8,284
"685","data/0.2-0.1-1.5-0.1/285",0.2,0.1,1.5,0.1,1,8,285
"686","data/0.2-0.1-1.5-0.1/286",0.2,0.1,1.5,0.1,1,8,286
"687","data/0.2-0.1-1.5-0.1/287",0.2,0.1,1.5,0.1,1,8,287
"688","data/0.2-0.1-1.5-0.1/288",0.2,0.1,1.5,0.1,1,8,288
"689","data/0.2-0.1-1.5-0.1/289",0.2,0.1,1.5,0.1,1,8,289
"690","data/0.2-0.1-1.5-0.1/290",0.2,0.1,1.5,0.1,1,8,290
"691","data/0.2-0.1-1.5-0.1/291",0.2,0.1,1.5,0.1,1,8,291
"692","data/0.2-0.1-1.5-0.1/292",0.2,0.1,1.5,0.1,1,8,292
"693","data/0.2-0.1-1.5-0.1/293",0.2,0.1,1.5,0.1,1,8,293
"694","data/0.2-0.1-1.5-0.1/294",0.2,0.1,1.5,0.1,1,8,294
"695","data/0.2-0.1-1.5-0.1/295",0.2,0.1,1.5,0.1,1,8,295
"696","data/0.2-0.1-1.5-0.1/296",0.2,0.1,1.5,0.1,1,8,296
"697","data/0.2-0.1-1.5-0.1/297",0.2,0.1,1.5,0.1,1,8,297
"698","data/0.2-0.1-1.5-0.1/298",0.2,0.1,1.5,0.1,1,8,298
"699","data/0.2-0.1-1.5-0.1/299",0.2,0.1,1.5,0.1,1,8,299
"700","data/0.2-0.1-1.5-0.1/300",0.2,0.1,1.5,0.1,1,8,300
"701","data/0.2-0.1-1.5-0.1/301",0.2,0.1,1.5,0.1,1,8,301
"702","data/0.2-0.1-1.5-0.1/302",0.2,0.1,1.5,0.1,1,8,302
"703","data/0.2-0.1-1.5-0.1/303",0.2,0.1,1.5,0.1,1,8,303
"704","data/0.2-0.1-1.5-0.1/304",0.2,0.1,1.5,0.1,1,8,304
"705","data/0.2-0.1-1.5-0.1/305",0.2,0.1,1.5,0.1,1,8,305
"706","data/0.2-0.1-1.5-0.1/306",0.2,0.1,1.5,0.1,1,8,306
"707","data/0.2-0.1-1.5-0.1/307",0.2,0.1,1.5,0.1,1,8,307
"708","data/0.2-0.1-1.5-0.1/308",0.2,0.1,1.5,0.1,1,8,308
"709","data/0.2-0.1-1.5-0.1/309",0.2,0.1,1.5,0.1,1,8,309
"710","data/0.2-0.1-1.5-0.1/310",0.2,0.1,1.5,0.1,1,8,310
"711","data/0.2-0.1-1.5-0.1/311",0.2,0.1,1.5,0.1,1,8,311
"712","data/0.2-0.1-1.5-0.1/312",0.2,0.1,1.5,0.1,1,8,312
"713","data/0.2-0.1-1.5-0.1/313",0.2,0.1,1.5,0.1,1,8,313
"714","data/0.2-0.1-1.5-0.1/314",0.2,0.1,1.5,0.1,1,8,314
"715","data/0.2-0.1-1.5-0.1/315",0.2,0.1,1.5,0.1,1,8,315
"716","data/0.2-0.1-1.5-0.1/316",0.2,0.1,1.5,0.1,1,8,316
"717","data/0.2-0.1-1.5-0.1/317",0.2,0.1,1.5,0.1,1,8,317
"718","data/0.2-0.1-1.5-0.1/318",0.2,0.1,1.5,0.1,1,8,318
"719","data/0.2-0.1-1.5-0.1/319",0.2,0.1,1.5,0.1,1,8,319
"720","data/0.2-0.1-1.5-0.1/320",0.2,0.1,1.5,0.1,1,8,320
"721","data/0.2-0.1-1.5-0.15/521",0.2,0.1,1.5,0.15,1,8,521
"722","data/0.2-0.1-1.5-0.15/522",0.2,0.1,1.5,0.15,1,8,522
"723","data/0.2-0.1-1.5-0.15/523",0.2,0.1,1.5,0.15,1,8,523
"724","data/0.2-0.1-1.5-0.15/524",0.2,0.1,1.5,0.15,1,8,524
"725","data/0.2-0.1-1.5-0.15/525",0.2,0.1,1.5,0.15,1,8,525
"726","data/0.2-0.1-1.5-0.15/526",0.2,0.1,1.5,0.15,1,8,526
"727","data/0.2-0.1-1.5-0.15/527",0.2,0.1,1.5,0.15,1,8,527
"728","data/0.2-0.1-1.5-0.15/528",0.2,0.1,1.5,0.15,1,8,528
"729","data/0.2-0.1-1.5-0.15/529",0.2,0.1,1.5,0.15,1,8,529
"730","data/0.2-0.1-1.5-0.15/530",0.2,0.1,1.5,0.15,1,8,530
"731","data/0.2-0.1-1.5-0.15/531",0.2,0.1,1.5,0.15,1,8,531
"732","data/0.2-0.1-1.5-0.15/532",0.2,0.1,1.5,0.15,1,8,532
"733","data/0.2-0.1-1.5-0.15/533",0.2,0.1,1.5,0.15,1,8,533
"734","data/0.2-0.1-1.5-0.15/534",0.2,0.1,1.5,0.15,1,8,534
"735","data/0.2-0.1-1.5-0.15/535",0.2,0.1,1.5,0.15,1,8,535
"736","data/0.2-0.1-1.5-0.15/536",0.2,0.1,1.5,0.15,1,8,536
"737","data/0.2-0.1-1.5-0.15/537",0.2,0.1,1.5,0.15,1,8,537
"738","data/0.2-0.1-1.5-0.15/538",0.2,0.1,1.5,0.15,1,8,538
"739","data/0.2-0.1-1.5-0.15/539",0.2,0.1,1.5,0.15,1,8,539
"740","data/0.2-0.1-1.5-0.15/540",0.2,0.1,1.5,0.15,1,8,540
"741","data/0.2-0.1-1.5-0.15/541",0.2,0.1,1.5,0.15,1,8,541
"742","data/0.2-0.1-1.5-0.15/542",0.2,0.1,1.5,0.15,1,8,542
"743","data/0.2-0.1-1.5-0.15/543",0.2,0.1,1.5,0.15,1,8,543
"744","data/0.2-0.1-1.5-0.15/544",0.2,0.1,1.5,0.15,1,8,544
"745","data/0.2-0.1-1.5-0.15/545",0.2,0.1,1.5,0.15,1,8,545
"746","data/0.2-0.1-1.5-0.15/546",0.2,0.1,1.5,0.15,1,8,546
"747","data/0.2-0.1-1.5-0.15/547",0.2,0.1,1.5,0.15,1,8,547
"748","data/0.2-0.1-1.5-0.15/548",0.2,0.1,1.5,0.15,1,8,548
"749","data/0.2-0.1-1.5-0.15/549",0.2,0.1,1.5,0.15,1,8,549
"750","data/0.2-0.1-1.5-0.15/550",0.2,0.1,1.5,0.15,1,8,550
"751","data/0.2-0.1-1.5-0.15/551",0.2,0.1,1.5,0.15,1,8,551
"752","data/0.2-0.1-1.5-0.15/552",0.2,0.1,1.5,0.15,1,8,552
"753","data/0.2-0.1-1.5-0.15/553",0.2,0.1,1.5,0.15,1,8,553
"754","data/0.2-0.1-1.5-0.15/554",0.2,0.1,1.5,0.15,1,8,554
"755","data/0.2-0.1-1.5-0.15/555",0.2,0.1,1.5,0.15,1,8,555
"756","data/0.2-0.1-1.5-0.15/556",0.2,0.1,1.5,0.15,1,8,556
"757","data/0.2-0.1-1.5-0.15/557",0.2,0.1,1.5,0.15,1,8,557
"758","data/0.2-0.1-1.5-0.15/558",0.2,0.1,1.5,0.15,1,8,558
"759","data/0.2-0.1-1.5-0.15/559",0.2,0.1,1.5,0.15,1,8,559
"760","data/0.2-0.1-1.5-0.15/560",0.2,0.1,1.5,0.15,1,8,560
"761","data/0.2-0.1-1.5-0.2/761",0.2,0.1,1.5,0.2,1,8,761
"762","data/0.2-0.1-1.5-0.2/762",0.2,0.1,1.5,0.2,1,8,762
"763","data/0.2-0.1-1.5-0.2/763",0.2,0.1,1.5,0.2,1,8,763
"764","data/0.2-0.1-1.5-0.2/764",0.2,0.1,1.5,0.2,1,8,764
"765","data/0.2-0.1-1.5-0.2/765",0.2,0.1,1.5,0.2,1,8,765
"766","data/0.2-0.1-1.5-0.2/766",0.2,0.1,1.5,0.2,1,8,766
"767","data/0.2-0.1-1.5-0.2/767",0.2,0.1,1.5,0.2,1,8,767
"768","data/0.2-0.1-1.5-0.2/768",0.2,0.1,1.5,0.2,1,8,768
"769","data/0.2-0.1-1.5-0.2/769",0.2,0.1,1.5,0.2,1,8,769
"770","data/0.2-0.1-1.5-0.2/770",0.2,0.1,1.5,0.2,1,8,770
"771","data/0.2-0.1-1.5-0.2/771",0.2,0.1,1.5,0.2,1,8,771
"772","data/0.2-0.1-1.5-0.2/772",0.2,0.1,1.5,0.2,1,8,772
"773","data/0.2-0.1-1.5-0.2/773",0.2,0.1,1.5,0.2,1,8,773
"774","data/0.2-0.1-1.5-0.2/774",0.2,0.1,1.5,0.2,1,8,774
"775","data/0.2-0.1-1.5-0.2/775",0.2,0.1,1.5,0.2,1,8,775
"776","data/0.2-0.1-1.5-0.2/776",0.2,0.1,1.5,0.2,1,8,776
"777","data/0.2-0.1-1.5-0.2/777",0.2,0.1,1.5,0.2,1,8,777
"778","data/0.2-0.1-1.5-0.2/778",0.2,0.1,1.5,0.2,1,8,778
"779","data/0.2-0.1-1.5-0.2/779",0.2,0.1,1.5,0.2,1,8,779
"780","data/0.2-0.1-1.5-0.2/780",0.2,0.1,1.5,0.2,1,8,780
"781","data/0.2-0.1-1.5-0.2/781",0.2,0.1,1.5,0.2,1,8,781
"782","data/0.2-0.1-1.5-0.2/782",0.2,0.1,1.5,0.2,1,8,782
"783","data/0.2-0.1-1.5-0.2/783",0.2,0.1,1.5,0.2,1,8,783
"784","data/0.2-0.1-1.5-0.2/784",0.2,0.1,1.5,0.2,1,8,784
"785","data/0.2-0.1-1.5-0.2/785",0.2,0.1,1.5,0.2,1,8,785
"786","data/0.2-0.1-1.5-0.2/786",0.2,0.1,1.5,0.2,1,8,786
"787","data/0.2-0.1-1.5-0.2/787",0.2,0.1,1.5,0.2,1,8,787
"788","data/0.2-0.1-1.5-0.2/788",0.2,0.1,1.5,0.2,1,8,788
"789","data/0.2-0.1-1.5-0.2/789",0.2,0.1,1.5,0.2,1,8,789
"790","data/0.2-0.1-1.5-0.2/790",0.2,0.1,1.5,0.2,1,8,790
"791","data/0.2-0.1-1.5-0.2/791",0.2,0.1,1.5,0.2,1,8,791
"792","data/0.2-0.1-1.5-0.2/792",0.2,0.1,1.5,0.2,1,8,792
"793","data/0.2-0.1-1.5-0.2/793",0.2,0.1,1.5,0.2,1,8,793
"794","data/0.2-0.1-1.5-0.2/794",0.2,0.1,1.5,0.2,1,8,794
"795","data/0.2-0.1-1.5-0.2/795",0.2,0.1,1.5,0.2,1,8,795
"796","data/0.2-0.1-1.5-0.2/796",0.2,0.1,1.5,0.2,1,8,796
"797","data/0.2-0.1-1.5-0.2/797",0.2,0.1,1.5,0.2,1,8,797
"798","data/0.2-0.1-1.5-0.2/798",0.2,0.1,1.5,0.2,1,8,798
"799","data/0.2-0.1-1.5-0.2/799",0.2,0.1,1.5,0.2,1,8,799
"800","data/0.2-0.1-1.5-0.2/800",0.2,0.1,1.5,0.2,1,8,800
