"","folder","n_mb_species","f_mb_species"
"1","data/0.2-0-0-0/1",0,0
"2","data/0.2-0-0-0/10",0,0
"3","data/0.2-0-0-0/11",0,0
"4","data/0.2-0-0-0/12",0,0
"5","data/0.2-0-0-0/13",0,0
"6","data/0.2-0-0-0/14",0,0
"7","data/0.2-0-0-0/15",0,0
"8","data/0.2-0-0-0/16",0,0
"9","data/0.2-0-0-0/17",0,0
"10","data/0.2-0-0-0/18",0,0
"11","data/0.2-0-0-0/19",0,0
"12","data/0.2-0-0-0/2",0,0
"13","data/0.2-0-0-0/20",0,0
"14","data/0.2-0-0-0/21",0,0
"15","data/0.2-0-0-0/22",0,0
"16","data/0.2-0-0-0/23",0,0
"17","data/0.2-0-0-0/24",0,0
"18","data/0.2-0-0-0/25",0,0
"19","data/0.2-0-0-0/26",0,0
"20","data/0.2-0-0-0/27",0,0
"21","data/0.2-0-0-0/28",0,0
"22","data/0.2-0-0-0/29",0,0
"23","data/0.2-0-0-0/3",0,0
"24","data/0.2-0-0-0/30",0,0
"25","data/0.2-0-0-0/31",0,0
"26","data/0.2-0-0-0/32",0,0
"27","data/0.2-0-0-0/33",0,0
"28","data/0.2-0-0-0/34",0,0
"29","data/0.2-0-0-0/35",0,0
"30","data/0.2-0-0-0/36",0,0
"31","data/0.2-0-0-0/37",0,0
"32","data/0.2-0-0-0/38",0,0
"33","data/0.2-0-0-0/39",0,0
"34","data/0.2-0-0-0/4",0,0
"35","data/0.2-0-0-0/40",0,0
"36","data/0.2-0-0-0/5",0,0
"37","data/0.2-0-0-0/6",0,0
"38","data/0.2-0-0-0/7",0,0
"39","data/0.2-0-0-0/8",0,0
"40","data/0.2-0-0-0/9",0,0
"41","data/0.2-0-0.5-0.1/100",0,0
"42","data/0.2-0-0.5-0.1/101",0,0
"43","data/0.2-0-0.5-0.1/102",0,0
"44","data/0.2-0-0.5-0.1/103",0,0
"45","data/0.2-0-0.5-0.1/104",5,0.208333333333333
"46","data/0.2-0-0.5-0.1/105",0,0
"47","data/0.2-0-0.5-0.1/106",2,0.133333333333333
"48","data/0.2-0-0.5-0.1/107",0,0
"49","data/0.2-0-0.5-0.1/108",0,0
"50","data/0.2-0-0.5-0.1/109",2,0.222222222222222
"51","data/0.2-0-0.5-0.1/110",0,0
"52","data/0.2-0-0.5-0.1/111",0,0
"53","data/0.2-0-0.5-0.1/112",2,0.111111111111111
"54","data/0.2-0-0.5-0.1/113",6,0.1875
"55","data/0.2-0-0.5-0.1/114",2,0.125
"56","data/0.2-0-0.5-0.1/115",2,0.153846153846154
"57","data/0.2-0-0.5-0.1/116",0,0
"58","data/0.2-0-0.5-0.1/117",0,0
"59","data/0.2-0-0.5-0.1/118",0,0
"60","data/0.2-0-0.5-0.1/119",0,0
"61","data/0.2-0-0.5-0.1/120",2,0.133333333333333
"62","data/0.2-0-0.5-0.1/81",0,0
"63","data/0.2-0-0.5-0.1/82",0,0
"64","data/0.2-0-0.5-0.1/83",0,0
"65","data/0.2-0-0.5-0.1/84",0,0
"66","data/0.2-0-0.5-0.1/85",0,0
"67","data/0.2-0-0.5-0.1/86",0,0
"68","data/0.2-0-0.5-0.1/87",0,0
"69","data/0.2-0-0.5-0.1/88",2,0.153846153846154
"70","data/0.2-0-0.5-0.1/89",0,0
"71","data/0.2-0-0.5-0.1/90",2,0.125
"72","data/0.2-0-0.5-0.1/91",0,0
"73","data/0.2-0-0.5-0.1/92",2,0.153846153846154
"74","data/0.2-0-0.5-0.1/93",0,0
"75","data/0.2-0-0.5-0.1/94",6,0.166666666666667
"76","data/0.2-0-0.5-0.1/95",0,0
"77","data/0.2-0-0.5-0.1/96",11,0.305555555555556
"78","data/0.2-0-0.5-0.1/97",0,0
"79","data/0.2-0-0.5-0.1/98",0,0
"80","data/0.2-0-0.5-0.1/99",0,0
"81","data/0.2-0-0.5-0.15/321",3,0.176470588235294
"82","data/0.2-0-0.5-0.15/322",3,0.125
"83","data/0.2-0-0.5-0.15/323",13,0.30952380952381
"84","data/0.2-0-0.5-0.15/324",0,0
"85","data/0.2-0-0.5-0.15/325",5,0.238095238095238
"86","data/0.2-0-0.5-0.15/326",4,0.2
"87","data/0.2-0-0.5-0.15/327",0,0
"88","data/0.2-0-0.5-0.15/328",3,0.1875
"89","data/0.2-0-0.5-0.15/329",0,0
"90","data/0.2-0-0.5-0.15/330",0,0
"91","data/0.2-0-0.5-0.15/331",0,0
"92","data/0.2-0-0.5-0.15/332",7,0.368421052631579
"93","data/0.2-0-0.5-0.15/333",10,0.333333333333333
"94","data/0.2-0-0.5-0.15/334",3,0.2
"95","data/0.2-0-0.5-0.15/335",0,0
"96","data/0.2-0-0.5-0.15/336",13,0.361111111111111
"97","data/0.2-0-0.5-0.15/337",7,0.225806451612903
"98","data/0.2-0-0.5-0.15/338",0,0
"99","data/0.2-0-0.5-0.15/339",5,0.2
"100","data/0.2-0-0.5-0.15/340",0,0
"101","data/0.2-0-0.5-0.15/341",0,0
"102","data/0.2-0-0.5-0.15/342",2,0.111111111111111
"103","data/0.2-0-0.5-0.15/343",0,0
"104","data/0.2-0-0.5-0.15/344",4,0.285714285714286
"105","data/0.2-0-0.5-0.15/345",4,0.307692307692308
"106","data/0.2-0-0.5-0.15/346",8,0.285714285714286
"107","data/0.2-0-0.5-0.15/347",2,0.111111111111111
"108","data/0.2-0-0.5-0.15/348",2,0.0869565217391304
"109","data/0.2-0-0.5-0.15/349",0,0
"110","data/0.2-0-0.5-0.15/350",0,0
"111","data/0.2-0-0.5-0.15/351",2,0.105263157894737
"112","data/0.2-0-0.5-0.15/352",0,0
"113","data/0.2-0-0.5-0.15/353",8,0.266666666666667
"114","data/0.2-0-0.5-0.15/354",2,0.117647058823529
"115","data/0.2-0-0.5-0.15/355",2,0.133333333333333
"116","data/0.2-0-0.5-0.15/356",9,0.140625
"117","data/0.2-0-0.5-0.15/357",2,0.125
"118","data/0.2-0-0.5-0.15/358",0,0
"119","data/0.2-0-0.5-0.15/359",7,0.368421052631579
"120","data/0.2-0-0.5-0.15/360",2,0.181818181818182
"121","data/0.2-0-0.5-0.2/561",0,0
"122","data/0.2-0-0.5-0.2/562",0,0
"123","data/0.2-0-0.5-0.2/563",3,0.111111111111111
"124","data/0.2-0-0.5-0.2/564",10,0.416666666666667
"125","data/0.2-0-0.5-0.2/565",10,0.476190476190476
"126","data/0.2-0-0.5-0.2/566",0,0
"127","data/0.2-0-0.5-0.2/567",37,0.430232558139535
"128","data/0.2-0-0.5-0.2/568",9,0.290322580645161
"129","data/0.2-0-0.5-0.2/569",0,0
"130","data/0.2-0-0.5-0.2/570",8,0.25
"131","data/0.2-0-0.5-0.2/571",13,0.393939393939394
"132","data/0.2-0-0.5-0.2/572",13,0.295454545454545
"133","data/0.2-0-0.5-0.2/573",0,0
"134","data/0.2-0-0.5-0.2/574",17,0.425
"135","data/0.2-0-0.5-0.2/575",2,0.105263157894737
"136","data/0.2-0-0.5-0.2/576",10,0.227272727272727
"137","data/0.2-0-0.5-0.2/577",2,0.153846153846154
"138","data/0.2-0-0.5-0.2/578",15,0.365853658536585
"139","data/0.2-0-0.5-0.2/579",0,0
"140","data/0.2-0-0.5-0.2/580",3,0.214285714285714
"141","data/0.2-0-0.5-0.2/581",2,0.285714285714286
"142","data/0.2-0-0.5-0.2/582",8,0.2
"143","data/0.2-0-0.5-0.2/583",10,0.256410256410256
"144","data/0.2-0-0.5-0.2/584",4,0.19047619047619
"145","data/0.2-0-0.5-0.2/585",23,0.5
"146","data/0.2-0-0.5-0.2/586",4,0.19047619047619
"147","data/0.2-0-0.5-0.2/587",0,0
"148","data/0.2-0-0.5-0.2/588",13,0.333333333333333
"149","data/0.2-0-0.5-0.2/589",3,0.130434782608696
"150","data/0.2-0-0.5-0.2/590",4,0.307692307692308
"151","data/0.2-0-0.5-0.2/591",25,0.568181818181818
"152","data/0.2-0-0.5-0.2/592",0,0
"153","data/0.2-0-0.5-0.2/593",0,0
"154","data/0.2-0-0.5-0.2/594",0,0
"155","data/0.2-0-0.5-0.2/595",3,0.136363636363636
"156","data/0.2-0-0.5-0.2/596",3,0.2
"157","data/0.2-0-0.5-0.2/597",0,0
"158","data/0.2-0-0.5-0.2/598",2,0.0909090909090909
"159","data/0.2-0-0.5-0.2/599",2,0.222222222222222
"160","data/0.2-0-0.5-0.2/600",4,0.307692307692308
"161","data/0.2-0-1-0.1/161",2,0.181818181818182
"162","data/0.2-0-1-0.1/162",0,0
"163","data/0.2-0-1-0.1/163",12,0.315789473684211
"164","data/0.2-0-1-0.1/164",0,0
"165","data/0.2-0-1-0.1/165",2,0.105263157894737
"166","data/0.2-0-1-0.1/166",10,0.37037037037037
"167","data/0.2-0-1-0.1/167",0,0
"168","data/0.2-0-1-0.1/168",16,0.372093023255814
"169","data/0.2-0-1-0.1/169",7,0.388888888888889
"170","data/0.2-0-1-0.1/170",2,0.0555555555555556
"171","data/0.2-0-1-0.1/171",0,0
"172","data/0.2-0-1-0.1/172",6,0.25
"173","data/0.2-0-1-0.1/173",20,0.4
"174","data/0.2-0-1-0.1/174",11,0.255813953488372
"175","data/0.2-0-1-0.1/175",24,0.4
"176","data/0.2-0-1-0.1/176",0,0
"177","data/0.2-0-1-0.1/177",4,0.16
"178","data/0.2-0-1-0.1/178",7,0.170731707317073
"179","data/0.2-0-1-0.1/179",8,0.25
"180","data/0.2-0-1-0.1/180",6,0.214285714285714
"181","data/0.2-0-1-0.1/181",0,0
"182","data/0.2-0-1-0.1/182",3,0.125
"183","data/0.2-0-1-0.1/183",2,0.181818181818182
"184","data/0.2-0-1-0.1/184",0,0
"185","data/0.2-0-1-0.1/185",16,0.313725490196078
"186","data/0.2-0-1-0.1/186",14,0.4375
"187","data/0.2-0-1-0.1/187",2,0.0606060606060606
"188","data/0.2-0-1-0.1/188",2,0.222222222222222
"189","data/0.2-0-1-0.1/189",6,0.285714285714286
"190","data/0.2-0-1-0.1/190",20,0.37037037037037
"191","data/0.2-0-1-0.1/191",27,0.473684210526316
"192","data/0.2-0-1-0.1/192",0,0
"193","data/0.2-0-1-0.1/193",10,0.454545454545455
"194","data/0.2-0-1-0.1/194",14,0.28
"195","data/0.2-0-1-0.1/195",2,0.222222222222222
"196","data/0.2-0-1-0.1/196",8,0.177777777777778
"197","data/0.2-0-1-0.1/197",2,0.111111111111111
"198","data/0.2-0-1-0.1/198",2,0.0869565217391304
"199","data/0.2-0-1-0.1/199",0,0
"200","data/0.2-0-1-0.1/200",0,0
"201","data/0.2-0-1-0.15/401",4,0.285714285714286
"202","data/0.2-0-1-0.15/402",2,0.0909090909090909
"203","data/0.2-0-1-0.15/403",24,0.369230769230769
"204","data/0.2-0-1-0.15/404",30,0.434782608695652
"205","data/0.2-0-1-0.15/405",2,0.222222222222222
"206","data/0.2-0-1-0.15/406",39,0.402061855670103
"207","data/0.2-0-1-0.15/407",11,0.354838709677419
"208","data/0.2-0-1-0.15/408",2,0.285714285714286
"209","data/0.2-0-1-0.15/409",6,0.206896551724138
"210","data/0.2-0-1-0.15/410",9,0.428571428571429
"211","data/0.2-0-1-0.15/411",2,0.166666666666667
"212","data/0.2-0-1-0.15/412",18,0.321428571428571
"213","data/0.2-0-1-0.15/413",14,0.4
"214","data/0.2-0-1-0.15/414",7,0.162790697674419
"215","data/0.2-0-1-0.15/415",0,0
"216","data/0.2-0-1-0.15/416",0,0
"217","data/0.2-0-1-0.15/417",0,0
"218","data/0.2-0-1-0.15/418",0,0
"219","data/0.2-0-1-0.15/419",14,0.5
"220","data/0.2-0-1-0.15/420",12,0.307692307692308
"221","data/0.2-0-1-0.15/421",4,0.19047619047619
"222","data/0.2-0-1-0.15/422",5,0.208333333333333
"223","data/0.2-0-1-0.15/423",3,0.214285714285714
"224","data/0.2-0-1-0.15/424",14,0.451612903225806
"225","data/0.2-0-1-0.15/425",18,0.264705882352941
"226","data/0.2-0-1-0.15/426",11,0.379310344827586
"227","data/0.2-0-1-0.15/427",3,0.230769230769231
"228","data/0.2-0-1-0.15/428",16,0.333333333333333
"229","data/0.2-0-1-0.15/429",2,0.0740740740740741
"230","data/0.2-0-1-0.15/430",10,0.555555555555556
"231","data/0.2-0-1-0.15/431",0,0
"232","data/0.2-0-1-0.15/432",19,0.345454545454545
"233","data/0.2-0-1-0.15/433",16,0.444444444444444
"234","data/0.2-0-1-0.15/434",70,0.48951048951049
"235","data/0.2-0-1-0.15/435",29,0.453125
"236","data/0.2-0-1-0.15/436",15,0.394736842105263
"237","data/0.2-0-1-0.15/437",8,0.137931034482759
"238","data/0.2-0-1-0.15/438",6,0.230769230769231
"239","data/0.2-0-1-0.15/439",7,0.28
"240","data/0.2-0-1-0.15/440",20,0.465116279069767
"241","data/0.2-0-1-0.2/641",5,0.161290322580645
"242","data/0.2-0-1-0.2/642",46,0.442307692307692
"243","data/0.2-0-1-0.2/643",17,0.425
"244","data/0.2-0-1-0.2/644",19,0.513513513513513
"245","data/0.2-0-1-0.2/645",2,0.222222222222222
"246","data/0.2-0-1-0.2/646",0,0
"247","data/0.2-0-1-0.2/647",34,0.5
"248","data/0.2-0-1-0.2/648",5,0.3125
"249","data/0.2-0-1-0.2/649",11,0.275
"250","data/0.2-0-1-0.2/650",25,0.471698113207547
"251","data/0.2-0-1-0.2/651",21,0.39622641509434
"252","data/0.2-0-1-0.2/652",0,0
"253","data/0.2-0-1-0.2/653",22,0.458333333333333
"254","data/0.2-0-1-0.2/654",12,0.352941176470588
"255","data/0.2-0-1-0.2/655",8,0.25
"256","data/0.2-0-1-0.2/656",18,0.382978723404255
"257","data/0.2-0-1-0.2/657",0,0
"258","data/0.2-0-1-0.2/658",12,0.375
"259","data/0.2-0-1-0.2/659",17,0.298245614035088
"260","data/0.2-0-1-0.2/660",64,0.41025641025641
"261","data/0.2-0-1-0.2/661",9,0.209302325581395
"262","data/0.2-0-1-0.2/662",2,0.142857142857143
"263","data/0.2-0-1-0.2/663",7,0.318181818181818
"264","data/0.2-0-1-0.2/664",45,0.633802816901408
"265","data/0.2-0-1-0.2/665",6,0.153846153846154
"266","data/0.2-0-1-0.2/666",34,0.641509433962264
"267","data/0.2-0-1-0.2/667",17,0.309090909090909
"268","data/0.2-0-1-0.2/668",4,0.266666666666667
"269","data/0.2-0-1-0.2/669",5,0.3125
"270","data/0.2-0-1-0.2/670",4,0.129032258064516
"271","data/0.2-0-1-0.2/671",30,0.5
"272","data/0.2-0-1-0.2/672",4,0.285714285714286
"273","data/0.2-0-1-0.2/673",8,0.307692307692308
"274","data/0.2-0-1-0.2/674",12,0.387096774193548
"275","data/0.2-0-1-0.2/675",0,0
"276","data/0.2-0-1-0.2/676",35,0.564516129032258
"277","data/0.2-0-1-0.2/677",15,0.267857142857143
"278","data/0.2-0-1-0.2/678",6,0.260869565217391
"279","data/0.2-0-1-0.2/679",2,0.111111111111111
"280","data/0.2-0-1-0.2/680",9,0.346153846153846
"281","data/0.2-0-1.5-0.1/241",0,0
"282","data/0.2-0-1.5-0.1/242",28,0.4
"283","data/0.2-0-1.5-0.1/243",2,0.2
"284","data/0.2-0-1.5-0.1/244",0,0
"285","data/0.2-0-1.5-0.1/245",12,0.272727272727273
"286","data/0.2-0-1.5-0.1/246",0,0
"287","data/0.2-0-1.5-0.1/247",14,0.341463414634146
"288","data/0.2-0-1.5-0.1/248",6,0.157894736842105
"289","data/0.2-0-1.5-0.1/249",8,0.307692307692308
"290","data/0.2-0-1.5-0.1/250",13,0.302325581395349
"291","data/0.2-0-1.5-0.1/251",0,0
"292","data/0.2-0-1.5-0.1/252",0,0
"293","data/0.2-0-1.5-0.1/253",0,0
"294","data/0.2-0-1.5-0.1/254",44,0.478260869565217
"295","data/0.2-0-1.5-0.1/255",15,0.306122448979592
"296","data/0.2-0-1.5-0.1/256",0,0
"297","data/0.2-0-1.5-0.1/257",11,0.354838709677419
"298","data/0.2-0-1.5-0.1/258",15,0.306122448979592
"299","data/0.2-0-1.5-0.1/259",12,0.363636363636364
"300","data/0.2-0-1.5-0.1/260",10,0.434782608695652
"301","data/0.2-0-1.5-0.1/261",5,0.333333333333333
"302","data/0.2-0-1.5-0.1/262",8,0.258064516129032
"303","data/0.2-0-1.5-0.1/263",0,0
"304","data/0.2-0-1.5-0.1/264",8,0.216216216216216
"305","data/0.2-0-1.5-0.1/265",2,0.117647058823529
"306","data/0.2-0-1.5-0.1/266",7,0.269230769230769
"307","data/0.2-0-1.5-0.1/267",10,0.212765957446809
"308","data/0.2-0-1.5-0.1/268",7,0.212121212121212
"309","data/0.2-0-1.5-0.1/269",19,0.431818181818182
"310","data/0.2-0-1.5-0.1/270",2,0.0869565217391304
"311","data/0.2-0-1.5-0.1/271",2,0.08
"312","data/0.2-0-1.5-0.1/272",19,0.263888888888889
"313","data/0.2-0-1.5-0.1/273",0,0
"314","data/0.2-0-1.5-0.1/274",5,0.227272727272727
"315","data/0.2-0-1.5-0.1/275",19,0.422222222222222
"316","data/0.2-0-1.5-0.1/276",10,0.285714285714286
"317","data/0.2-0-1.5-0.1/277",0,0
"318","data/0.2-0-1.5-0.1/278",5,0.208333333333333
"319","data/0.2-0-1.5-0.1/279",19,0.463414634146341
"320","data/0.2-0-1.5-0.1/280",10,0.208333333333333
"321","data/0.2-0-1.5-0.15/481",47,0.516483516483517
"322","data/0.2-0-1.5-0.15/482",6,0.25
"323","data/0.2-0-1.5-0.15/483",2,0.222222222222222
"324","data/0.2-0-1.5-0.15/484",43,0.641791044776119
"325","data/0.2-0-1.5-0.15/485",5,0.263157894736842
"326","data/0.2-0-1.5-0.15/486",12,0.413793103448276
"327","data/0.2-0-1.5-0.15/487",26,0.346666666666667
"328","data/0.2-0-1.5-0.15/488",12,0.4
"329","data/0.2-0-1.5-0.15/489",16,0.421052631578947
"330","data/0.2-0-1.5-0.15/490",18,0.545454545454545
"331","data/0.2-0-1.5-0.15/491",4,0.235294117647059
"332","data/0.2-0-1.5-0.15/492",14,0.482758620689655
"333","data/0.2-0-1.5-0.15/493",5,0.192307692307692
"334","data/0.2-0-1.5-0.15/494",0,0
"335","data/0.2-0-1.5-0.15/495",8,0.380952380952381
"336","data/0.2-0-1.5-0.15/496",15,0.326086956521739
"337","data/0.2-0-1.5-0.15/497",50,0.505050505050505
"338","data/0.2-0-1.5-0.15/498",17,0.361702127659574
"339","data/0.2-0-1.5-0.15/499",7,0.25
"340","data/0.2-0-1.5-0.15/500",2,0.0909090909090909
"341","data/0.2-0-1.5-0.15/501",21,0.456521739130435
"342","data/0.2-0-1.5-0.15/502",20,0.392156862745098
"343","data/0.2-0-1.5-0.15/503",79,0.548611111111111
"344","data/0.2-0-1.5-0.15/504",7,0.466666666666667
"345","data/0.2-0-1.5-0.15/505",2,0.125
"346","data/0.2-0-1.5-0.15/506",26,0.481481481481481
"347","data/0.2-0-1.5-0.15/507",90,0.633802816901408
"348","data/0.2-0-1.5-0.15/508",5,0.25
"349","data/0.2-0-1.5-0.15/509",34,0.557377049180328
"350","data/0.2-0-1.5-0.15/510",2,0.142857142857143
"351","data/0.2-0-1.5-0.15/511",31,0.340659340659341
"352","data/0.2-0-1.5-0.15/512",11,0.333333333333333
"353","data/0.2-0-1.5-0.15/513",7,0.333333333333333
"354","data/0.2-0-1.5-0.15/514",97,0.505208333333333
"355","data/0.2-0-1.5-0.15/515",30,0.555555555555556
"356","data/0.2-0-1.5-0.15/516",26,0.412698412698413
"357","data/0.2-0-1.5-0.15/517",26,0.371428571428571
"358","data/0.2-0-1.5-0.15/518",6,0.206896551724138
"359","data/0.2-0-1.5-0.15/519",62,0.548672566371681
"360","data/0.2-0-1.5-0.15/520",0,0
"361","data/0.2-0-1.5-0.2/721",20,0.37037037037037
"362","data/0.2-0-1.5-0.2/722",55,0.466101694915254
"363","data/0.2-0-1.5-0.2/723",105,0.546875
"364","data/0.2-0-1.5-0.2/724",10,0.357142857142857
"365","data/0.2-0-1.5-0.2/725",79,0.642276422764228
"366","data/0.2-0-1.5-0.2/726",49,0.680555555555556
"367","data/0.2-0-1.5-0.2/727",123,0.6
"368","data/0.2-0-1.5-0.2/728",12,0.444444444444444
"369","data/0.2-0-1.5-0.2/729",3,0.214285714285714
"370","data/0.2-0-1.5-0.2/730",61,0.603960396039604
"371","data/0.2-0-1.5-0.2/731",16,0.444444444444444
"372","data/0.2-0-1.5-0.2/732",67,0.558333333333333
"373","data/0.2-0-1.5-0.2/733",85,0.524691358024691
"374","data/0.2-0-1.5-0.2/734",4,0.153846153846154
"375","data/0.2-0-1.5-0.2/735",89,0.494444444444444
"376","data/0.2-0-1.5-0.2/736",6,0.25
"377","data/0.2-0-1.5-0.2/737",31,0.525423728813559
"378","data/0.2-0-1.5-0.2/738",39,0.513157894736842
"379","data/0.2-0-1.5-0.2/739",14,0.56
"380","data/0.2-0-1.5-0.2/740",59,0.4609375
"381","data/0.2-0-1.5-0.2/741",0,0
"382","data/0.2-0-1.5-0.2/742",45,0.459183673469388
"383","data/0.2-0-1.5-0.2/743",8,0.533333333333333
"384","data/0.2-0-1.5-0.2/744",14,0.325581395348837
"385","data/0.2-0-1.5-0.2/745",7,0.233333333333333
"386","data/0.2-0-1.5-0.2/746",254,0.690217391304348
"387","data/0.2-0-1.5-0.2/747",87,0.557692307692308
"388","data/0.2-0-1.5-0.2/748",36,0.580645161290323
"389","data/0.2-0-1.5-0.2/749",435,0.652173913043478
"390","data/0.2-0-1.5-0.2/750",355,0.61525129982669
"391","data/0.2-0-1.5-0.2/751",0,0
"392","data/0.2-0-1.5-0.2/752",30,0.357142857142857
"393","data/0.2-0-1.5-0.2/753",62,0.652631578947368
"394","data/0.2-0-1.5-0.2/754",147,0.706730769230769
"395","data/0.2-0-1.5-0.2/755",18,0.45
"396","data/0.2-0-1.5-0.2/756",184,0.684014869888476
"397","data/0.2-0-1.5-0.2/757",221,0.638728323699422
"398","data/0.2-0-1.5-0.2/758",124,0.604878048780488
"399","data/0.2-0-1.5-0.2/759",14,0.411764705882353
"400","data/0.2-0-1.5-0.2/760",81,0.710526315789474
"401","data/0.2-0.1-0-0/41",0,0
"402","data/0.2-0.1-0-0/42",0,0
"403","data/0.2-0.1-0-0/43",0,0
"404","data/0.2-0.1-0-0/44",0,0
"405","data/0.2-0.1-0-0/45",0,0
"406","data/0.2-0.1-0-0/46",0,0
"407","data/0.2-0.1-0-0/47",0,0
"408","data/0.2-0.1-0-0/48",0,0
"409","data/0.2-0.1-0-0/49",0,0
"410","data/0.2-0.1-0-0/50",0,0
"411","data/0.2-0.1-0-0/51",0,0
"412","data/0.2-0.1-0-0/52",0,0
"413","data/0.2-0.1-0-0/53",0,0
"414","data/0.2-0.1-0-0/54",0,0
"415","data/0.2-0.1-0-0/55",0,0
"416","data/0.2-0.1-0-0/56",0,0
"417","data/0.2-0.1-0-0/57",0,0
"418","data/0.2-0.1-0-0/58",0,0
"419","data/0.2-0.1-0-0/59",0,0
"420","data/0.2-0.1-0-0/60",0,0
"421","data/0.2-0.1-0-0/61",0,0
"422","data/0.2-0.1-0-0/62",0,0
"423","data/0.2-0.1-0-0/63",0,0
"424","data/0.2-0.1-0-0/64",0,0
"425","data/0.2-0.1-0-0/65",0,0
"426","data/0.2-0.1-0-0/66",0,0
"427","data/0.2-0.1-0-0/67",0,0
"428","data/0.2-0.1-0-0/68",0,0
"429","data/0.2-0.1-0-0/69",0,0
"430","data/0.2-0.1-0-0/70",0,0
"431","data/0.2-0.1-0-0/71",0,0
"432","data/0.2-0.1-0-0/72",0,0
"433","data/0.2-0.1-0-0/73",0,0
"434","data/0.2-0.1-0-0/74",0,0
"435","data/0.2-0.1-0-0/75",0,0
"436","data/0.2-0.1-0-0/76",0,0
"437","data/0.2-0.1-0-0/77",0,0
"438","data/0.2-0.1-0-0/78",0,0
"439","data/0.2-0.1-0-0/79",0,0
"440","data/0.2-0.1-0-0/80",0,0
"441","data/0.2-0.1-0.5-0.1/121",0,0
"442","data/0.2-0.1-0.5-0.1/122",0,0
"443","data/0.2-0.1-0.5-0.1/123",0,0
"444","data/0.2-0.1-0.5-0.1/124",3,0.176470588235294
"445","data/0.2-0.1-0.5-0.1/125",0,0
"446","data/0.2-0.1-0.5-0.1/126",0,0
"447","data/0.2-0.1-0.5-0.1/127",0,0
"448","data/0.2-0.1-0.5-0.1/128",2,0.125
"449","data/0.2-0.1-0.5-0.1/129",0,0
"450","data/0.2-0.1-0.5-0.1/130",0,0
"451","data/0.2-0.1-0.5-0.1/131",2,0.125
"452","data/0.2-0.1-0.5-0.1/132",0,0
"453","data/0.2-0.1-0.5-0.1/133",0,0
"454","data/0.2-0.1-0.5-0.1/134",3,0.333333333333333
"455","data/0.2-0.1-0.5-0.1/135",0,0
"456","data/0.2-0.1-0.5-0.1/136",0,0
"457","data/0.2-0.1-0.5-0.1/137",0,0
"458","data/0.2-0.1-0.5-0.1/138",0,0
"459","data/0.2-0.1-0.5-0.1/139",0,0
"460","data/0.2-0.1-0.5-0.1/140",2,0.125
"461","data/0.2-0.1-0.5-0.1/141",0,0
"462","data/0.2-0.1-0.5-0.1/142",0,0
"463","data/0.2-0.1-0.5-0.1/143",0,0
"464","data/0.2-0.1-0.5-0.1/144",0,0
"465","data/0.2-0.1-0.5-0.1/145",0,0
"466","data/0.2-0.1-0.5-0.1/146",0,0
"467","data/0.2-0.1-0.5-0.1/147",0,0
"468","data/0.2-0.1-0.5-0.1/148",0,0
"469","data/0.2-0.1-0.5-0.1/149",0,0
"470","data/0.2-0.1-0.5-0.1/150",0,0
"471","data/0.2-0.1-0.5-0.1/151",0,0
"472","data/0.2-0.1-0.5-0.1/152",0,0
"473","data/0.2-0.1-0.5-0.1/153",0,0
"474","data/0.2-0.1-0.5-0.1/154",0,0
"475","data/0.2-0.1-0.5-0.1/155",0,0
"476","data/0.2-0.1-0.5-0.1/156",0,0
"477","data/0.2-0.1-0.5-0.1/157",0,0
"478","data/0.2-0.1-0.5-0.1/158",0,0
"479","data/0.2-0.1-0.5-0.1/159",0,0
"480","data/0.2-0.1-0.5-0.1/160",2,0.142857142857143
"481","data/0.2-0.1-0.5-0.15/361",0,0
"482","data/0.2-0.1-0.5-0.15/362",2,0.133333333333333
"483","data/0.2-0.1-0.5-0.15/363",0,0
"484","data/0.2-0.1-0.5-0.15/364",5,0.333333333333333
"485","data/0.2-0.1-0.5-0.15/365",5,0.294117647058824
"486","data/0.2-0.1-0.5-0.15/366",2,0.25
"487","data/0.2-0.1-0.5-0.15/367",0,0
"488","data/0.2-0.1-0.5-0.15/368",0,0
"489","data/0.2-0.1-0.5-0.15/369",0,0
"490","data/0.2-0.1-0.5-0.15/370",7,0.388888888888889
"491","data/0.2-0.1-0.5-0.15/371",7,0.388888888888889
"492","data/0.2-0.1-0.5-0.15/372",0,0
"493","data/0.2-0.1-0.5-0.15/373",0,0
"494","data/0.2-0.1-0.5-0.15/374",5,0.172413793103448
"495","data/0.2-0.1-0.5-0.15/375",2,0.133333333333333
"496","data/0.2-0.1-0.5-0.15/376",0,0
"497","data/0.2-0.1-0.5-0.15/377",0,0
"498","data/0.2-0.1-0.5-0.15/378",10,0.476190476190476
"499","data/0.2-0.1-0.5-0.15/379",0,0
"500","data/0.2-0.1-0.5-0.15/380",2,0.2
"501","data/0.2-0.1-0.5-0.15/381",0,0
"502","data/0.2-0.1-0.5-0.15/382",2,0.181818181818182
"503","data/0.2-0.1-0.5-0.15/383",0,0
"504","data/0.2-0.1-0.5-0.15/384",0,0
"505","data/0.2-0.1-0.5-0.15/385",2,0.181818181818182
"506","data/0.2-0.1-0.5-0.15/386",0,0
"507","data/0.2-0.1-0.5-0.15/387",4,0.235294117647059
"508","data/0.2-0.1-0.5-0.15/388",0,0
"509","data/0.2-0.1-0.5-0.15/389",0,0
"510","data/0.2-0.1-0.5-0.15/390",0,0
"511","data/0.2-0.1-0.5-0.15/391",0,0
"512","data/0.2-0.1-0.5-0.15/392",0,0
"513","data/0.2-0.1-0.5-0.15/393",0,0
"514","data/0.2-0.1-0.5-0.15/394",0,0
"515","data/0.2-0.1-0.5-0.15/395",0,0
"516","data/0.2-0.1-0.5-0.15/396",0,0
"517","data/0.2-0.1-0.5-0.15/397",0,0
"518","data/0.2-0.1-0.5-0.15/398",0,0
"519","data/0.2-0.1-0.5-0.15/399",0,0
"520","data/0.2-0.1-0.5-0.15/400",0,0
"521","data/0.2-0.1-0.5-0.2/601",2,0.181818181818182
"522","data/0.2-0.1-0.5-0.2/602",0,0
"523","data/0.2-0.1-0.5-0.2/603",0,0
"524","data/0.2-0.1-0.5-0.2/604",0,0
"525","data/0.2-0.1-0.5-0.2/605",0,0
"526","data/0.2-0.1-0.5-0.2/606",7,0.333333333333333
"527","data/0.2-0.1-0.5-0.2/607",0,0
"528","data/0.2-0.1-0.5-0.2/608",0,0
"529","data/0.2-0.1-0.5-0.2/609",5,0.333333333333333
"530","data/0.2-0.1-0.5-0.2/610",0,0
"531","data/0.2-0.1-0.5-0.2/611",0,0
"532","data/0.2-0.1-0.5-0.2/612",0,0
"533","data/0.2-0.1-0.5-0.2/613",2,0.25
"534","data/0.2-0.1-0.5-0.2/614",0,0
"535","data/0.2-0.1-0.5-0.2/615",0,0
"536","data/0.2-0.1-0.5-0.2/616",17,0.472222222222222
"537","data/0.2-0.1-0.5-0.2/617",11,0.379310344827586
"538","data/0.2-0.1-0.5-0.2/618",0,0
"539","data/0.2-0.1-0.5-0.2/619",2,0.133333333333333
"540","data/0.2-0.1-0.5-0.2/620",0,0
"541","data/0.2-0.1-0.5-0.2/621",0,0
"542","data/0.2-0.1-0.5-0.2/622",0,0
"543","data/0.2-0.1-0.5-0.2/623",6,0.260869565217391
"544","data/0.2-0.1-0.5-0.2/624",0,0
"545","data/0.2-0.1-0.5-0.2/625",0,0
"546","data/0.2-0.1-0.5-0.2/626",2,0.333333333333333
"547","data/0.2-0.1-0.5-0.2/627",4,0.19047619047619
"548","data/0.2-0.1-0.5-0.2/628",2,0.222222222222222
"549","data/0.2-0.1-0.5-0.2/629",0,0
"550","data/0.2-0.1-0.5-0.2/630",12,0.4
"551","data/0.2-0.1-0.5-0.2/631",0,0
"552","data/0.2-0.1-0.5-0.2/632",10,0.27027027027027
"553","data/0.2-0.1-0.5-0.2/633",2,0.117647058823529
"554","data/0.2-0.1-0.5-0.2/634",0,0
"555","data/0.2-0.1-0.5-0.2/635",3,0.214285714285714
"556","data/0.2-0.1-0.5-0.2/636",0,0
"557","data/0.2-0.1-0.5-0.2/637",4,0.333333333333333
"558","data/0.2-0.1-0.5-0.2/638",16,0.432432432432432
"559","data/0.2-0.1-0.5-0.2/639",2,0.2
"560","data/0.2-0.1-0.5-0.2/640",0,0
"561","data/0.2-0.1-1-0.1/201",0,0
"562","data/0.2-0.1-1-0.1/202",0,0
"563","data/0.2-0.1-1-0.1/203",0,0
"564","data/0.2-0.1-1-0.1/204",0,0
"565","data/0.2-0.1-1-0.1/205",0,0
"566","data/0.2-0.1-1-0.1/206",0,0
"567","data/0.2-0.1-1-0.1/207",8,0.4
"568","data/0.2-0.1-1-0.1/208",0,0
"569","data/0.2-0.1-1-0.1/209",4,0.285714285714286
"570","data/0.2-0.1-1-0.1/210",0,0
"571","data/0.2-0.1-1-0.1/211",0,0
"572","data/0.2-0.1-1-0.1/212",0,0
"573","data/0.2-0.1-1-0.1/213",0,0
"574","data/0.2-0.1-1-0.1/214",6,0.285714285714286
"575","data/0.2-0.1-1-0.1/215",0,0
"576","data/0.2-0.1-1-0.1/216",0,0
"577","data/0.2-0.1-1-0.1/217",0,0
"578","data/0.2-0.1-1-0.1/218",16,0.484848484848485
"579","data/0.2-0.1-1-0.1/219",0,0
"580","data/0.2-0.1-1-0.1/220",2,0.25
"581","data/0.2-0.1-1-0.1/221",3,0.3
"582","data/0.2-0.1-1-0.1/222",4,0.222222222222222
"583","data/0.2-0.1-1-0.1/223",13,0.333333333333333
"584","data/0.2-0.1-1-0.1/224",2,0.333333333333333
"585","data/0.2-0.1-1-0.1/225",2,0.142857142857143
"586","data/0.2-0.1-1-0.1/226",0,0
"587","data/0.2-0.1-1-0.1/227",0,0
"588","data/0.2-0.1-1-0.1/228",0,0
"589","data/0.2-0.1-1-0.1/229",0,0
"590","data/0.2-0.1-1-0.1/230",0,0
"591","data/0.2-0.1-1-0.1/231",15,0.357142857142857
"592","data/0.2-0.1-1-0.1/232",0,0
"593","data/0.2-0.1-1-0.1/233",4,0.285714285714286
"594","data/0.2-0.1-1-0.1/234",0,0
"595","data/0.2-0.1-1-0.1/235",0,0
"596","data/0.2-0.1-1-0.1/236",2,0.2
"597","data/0.2-0.1-1-0.1/237",0,0
"598","data/0.2-0.1-1-0.1/238",7,0.388888888888889
"599","data/0.2-0.1-1-0.1/239",2,0.2
"600","data/0.2-0.1-1-0.1/240",0,0
"601","data/0.2-0.1-1-0.15/441",0,0
"602","data/0.2-0.1-1-0.15/442",4,0.19047619047619
"603","data/0.2-0.1-1-0.15/443",6,0.222222222222222
"604","data/0.2-0.1-1-0.15/444",2,0.166666666666667
"605","data/0.2-0.1-1-0.15/445",0,0
"606","data/0.2-0.1-1-0.15/446",0,0
"607","data/0.2-0.1-1-0.15/447",5,0.208333333333333
"608","data/0.2-0.1-1-0.15/448",8,0.205128205128205
"609","data/0.2-0.1-1-0.15/449",0,0
"610","data/0.2-0.1-1-0.15/450",4,0.19047619047619
"611","data/0.2-0.1-1-0.15/451",18,0.409090909090909
"612","data/0.2-0.1-1-0.15/452",0,0
"613","data/0.2-0.1-1-0.15/453",0,0
"614","data/0.2-0.1-1-0.15/454",4,0.444444444444444
"615","data/0.2-0.1-1-0.15/455",0,0
"616","data/0.2-0.1-1-0.15/456",9,0.290322580645161
"617","data/0.2-0.1-1-0.15/457",0,0
"618","data/0.2-0.1-1-0.15/458",36,0.444444444444444
"619","data/0.2-0.1-1-0.15/459",3,0.333333333333333
"620","data/0.2-0.1-1-0.15/460",0,0
"621","data/0.2-0.1-1-0.15/461",3,0.25
"622","data/0.2-0.1-1-0.15/462",24,0.521739130434783
"623","data/0.2-0.1-1-0.15/463",0,0
"624","data/0.2-0.1-1-0.15/464",11,0.407407407407407
"625","data/0.2-0.1-1-0.15/465",2,0.166666666666667
"626","data/0.2-0.1-1-0.15/466",0,0
"627","data/0.2-0.1-1-0.15/467",25,0.520833333333333
"628","data/0.2-0.1-1-0.15/468",0,0
"629","data/0.2-0.1-1-0.15/469",4,0.25
"630","data/0.2-0.1-1-0.15/470",2,0.166666666666667
"631","data/0.2-0.1-1-0.15/471",0,0
"632","data/0.2-0.1-1-0.15/472",0,0
"633","data/0.2-0.1-1-0.15/473",3,0.1875
"634","data/0.2-0.1-1-0.15/474",14,0.368421052631579
"635","data/0.2-0.1-1-0.15/475",0,0
"636","data/0.2-0.1-1-0.15/476",0,0
"637","data/0.2-0.1-1-0.15/477",15,0.326086956521739
"638","data/0.2-0.1-1-0.15/478",8,0.32
"639","data/0.2-0.1-1-0.15/479",2,0.111111111111111
"640","data/0.2-0.1-1-0.15/480",6,0.333333333333333
"641","data/0.2-0.1-1-0.2/681",6,0.333333333333333
"642","data/0.2-0.1-1-0.2/682",50,0.537634408602151
"643","data/0.2-0.1-1-0.2/683",8,0.333333333333333
"644","data/0.2-0.1-1-0.2/684",0,0
"645","data/0.2-0.1-1-0.2/685",7,0.189189189189189
"646","data/0.2-0.1-1-0.2/686",65,0.52
"647","data/0.2-0.1-1-0.2/687",17,0.414634146341463
"648","data/0.2-0.1-1-0.2/688",2,0.133333333333333
"649","data/0.2-0.1-1-0.2/689",36,0.545454545454545
"650","data/0.2-0.1-1-0.2/690",2,0.181818181818182
"651","data/0.2-0.1-1-0.2/691",16,0.333333333333333
"652","data/0.2-0.1-1-0.2/692",2,0.285714285714286
"653","data/0.2-0.1-1-0.2/693",5,0.357142857142857
"654","data/0.2-0.1-1-0.2/694",3,0.2
"655","data/0.2-0.1-1-0.2/695",27,0.435483870967742
"656","data/0.2-0.1-1-0.2/696",20,0.555555555555556
"657","data/0.2-0.1-1-0.2/697",2,0.142857142857143
"658","data/0.2-0.1-1-0.2/698",7,0.368421052631579
"659","data/0.2-0.1-1-0.2/699",16,0.533333333333333
"660","data/0.2-0.1-1-0.2/700",9,0.3
"661","data/0.2-0.1-1-0.2/701",0,0
"662","data/0.2-0.1-1-0.2/702",0,0
"663","data/0.2-0.1-1-0.2/703",4,0.333333333333333
"664","data/0.2-0.1-1-0.2/704",62,0.504065040650406
"665","data/0.2-0.1-1-0.2/705",24,0.413793103448276
"666","data/0.2-0.1-1-0.2/706",2,0.1
"667","data/0.2-0.1-1-0.2/707",12,0.413793103448276
"668","data/0.2-0.1-1-0.2/708",28,0.444444444444444
"669","data/0.2-0.1-1-0.2/709",6,0.25
"670","data/0.2-0.1-1-0.2/710",2,0.181818181818182
"671","data/0.2-0.1-1-0.2/711",5,0.15625
"672","data/0.2-0.1-1-0.2/712",3,0.1
"673","data/0.2-0.1-1-0.2/713",10,0.303030303030303
"674","data/0.2-0.1-1-0.2/714",12,0.521739130434783
"675","data/0.2-0.1-1-0.2/715",20,0.454545454545455
"676","data/0.2-0.1-1-0.2/716",2,0.181818181818182
"677","data/0.2-0.1-1-0.2/717",14,0.411764705882353
"678","data/0.2-0.1-1-0.2/718",2,0.105263157894737
"679","data/0.2-0.1-1-0.2/719",5,0.333333333333333
"680","data/0.2-0.1-1-0.2/720",0,0
"681","data/0.2-0.1-1.5-0.1/281",11,0.333333333333333
"682","data/0.2-0.1-1.5-0.1/282",28,0.528301886792453
"683","data/0.2-0.1-1.5-0.1/283",0,0
"684","data/0.2-0.1-1.5-0.1/284",0,0
"685","data/0.2-0.1-1.5-0.1/285",0,0
"686","data/0.2-0.1-1.5-0.1/286",4,0.105263157894737
"687","data/0.2-0.1-1.5-0.1/287",7,0.333333333333333
"688","data/0.2-0.1-1.5-0.1/288",5,0.217391304347826
"689","data/0.2-0.1-1.5-0.1/289",6,0.24
"690","data/0.2-0.1-1.5-0.1/290",39,0.481481481481481
"691","data/0.2-0.1-1.5-0.1/291",2,0.166666666666667
"692","data/0.2-0.1-1.5-0.1/292",5,0.294117647058824
"693","data/0.2-0.1-1.5-0.1/293",0,0
"694","data/0.2-0.1-1.5-0.1/294",12,0.292682926829268
"695","data/0.2-0.1-1.5-0.1/295",4,0.25
"696","data/0.2-0.1-1.5-0.1/296",12,0.363636363636364
"697","data/0.2-0.1-1.5-0.1/297",2,0.153846153846154
"698","data/0.2-0.1-1.5-0.1/298",14,0.333333333333333
"699","data/0.2-0.1-1.5-0.1/299",0,0
"700","data/0.2-0.1-1.5-0.1/300",0,0
"701","data/0.2-0.1-1.5-0.1/301",0,0
"702","data/0.2-0.1-1.5-0.1/302",7,0.291666666666667
"703","data/0.2-0.1-1.5-0.1/303",2,0.133333333333333
"704","data/0.2-0.1-1.5-0.1/304",0,0
"705","data/0.2-0.1-1.5-0.1/305",0,0
"706","data/0.2-0.1-1.5-0.1/306",2,0.0909090909090909
"707","data/0.2-0.1-1.5-0.1/307",4,0.166666666666667
"708","data/0.2-0.1-1.5-0.1/308",21,0.403846153846154
"709","data/0.2-0.1-1.5-0.1/309",0,0
"710","data/0.2-0.1-1.5-0.1/310",5,0.25
"711","data/0.2-0.1-1.5-0.1/311",6,0.260869565217391
"712","data/0.2-0.1-1.5-0.1/312",11,0.189655172413793
"713","data/0.2-0.1-1.5-0.1/313",4,0.266666666666667
"714","data/0.2-0.1-1.5-0.1/314",6,0.272727272727273
"715","data/0.2-0.1-1.5-0.1/315",2,0.125
"716","data/0.2-0.1-1.5-0.1/316",10,0.263157894736842
"717","data/0.2-0.1-1.5-0.1/317",0,0
"718","data/0.2-0.1-1.5-0.1/318",5,0.15625
"719","data/0.2-0.1-1.5-0.1/319",6,0.4
"720","data/0.2-0.1-1.5-0.1/320",4,0.363636363636364
"721","data/0.2-0.1-1.5-0.15/521",2,0.111111111111111
"722","data/0.2-0.1-1.5-0.15/522",61,0.580952380952381
"723","data/0.2-0.1-1.5-0.15/523",40,0.493827160493827
"724","data/0.2-0.1-1.5-0.15/524",29,0.537037037037037
"725","data/0.2-0.1-1.5-0.15/525",2,0.222222222222222
"726","data/0.2-0.1-1.5-0.15/526",0,0
"727","data/0.2-0.1-1.5-0.15/527",2,0.285714285714286
"728","data/0.2-0.1-1.5-0.15/528",17,0.354166666666667
"729","data/0.2-0.1-1.5-0.15/529",10,0.227272727272727
"730","data/0.2-0.1-1.5-0.15/530",4,0.210526315789474
"731","data/0.2-0.1-1.5-0.15/531",5,0.333333333333333
"732","data/0.2-0.1-1.5-0.15/532",15,0.394736842105263
"733","data/0.2-0.1-1.5-0.15/533",26,0.346666666666667
"734","data/0.2-0.1-1.5-0.15/534",19,0.463414634146341
"735","data/0.2-0.1-1.5-0.15/535",30,0.483870967741935
"736","data/0.2-0.1-1.5-0.15/536",8,0.380952380952381
"737","data/0.2-0.1-1.5-0.15/537",0,0
"738","data/0.2-0.1-1.5-0.15/538",25,0.416666666666667
"739","data/0.2-0.1-1.5-0.15/539",31,0.436619718309859
"740","data/0.2-0.1-1.5-0.15/540",7,0.304347826086957
"741","data/0.2-0.1-1.5-0.15/541",5,0.217391304347826
"742","data/0.2-0.1-1.5-0.15/542",23,0.5
"743","data/0.2-0.1-1.5-0.15/543",20,0.416666666666667
"744","data/0.2-0.1-1.5-0.15/544",0,0
"745","data/0.2-0.1-1.5-0.15/545",4,0.166666666666667
"746","data/0.2-0.1-1.5-0.15/546",44,0.63768115942029
"747","data/0.2-0.1-1.5-0.15/547",4,0.235294117647059
"748","data/0.2-0.1-1.5-0.15/548",10,0.294117647058824
"749","data/0.2-0.1-1.5-0.15/549",104,0.707482993197279
"750","data/0.2-0.1-1.5-0.15/550",2,0.166666666666667
"751","data/0.2-0.1-1.5-0.15/551",7,0.194444444444444
"752","data/0.2-0.1-1.5-0.15/552",0,0
"753","data/0.2-0.1-1.5-0.15/553",2,0.105263157894737
"754","data/0.2-0.1-1.5-0.15/554",28,0.430769230769231
"755","data/0.2-0.1-1.5-0.15/555",4,0.16
"756","data/0.2-0.1-1.5-0.15/556",18,0.486486486486487
"757","data/0.2-0.1-1.5-0.15/557",0,0
"758","data/0.2-0.1-1.5-0.15/558",15,0.375
"759","data/0.2-0.1-1.5-0.15/559",4,0.235294117647059
"760","data/0.2-0.1-1.5-0.15/560",0,0
"761","data/0.2-0.1-1.5-0.2/761",18,0.45
"762","data/0.2-0.1-1.5-0.2/762",5,0.217391304347826
"763","data/0.2-0.1-1.5-0.2/763",17,0.404761904761905
"764","data/0.2-0.1-1.5-0.2/764",11,0.314285714285714
"765","data/0.2-0.1-1.5-0.2/765",24,0.489795918367347
"766","data/0.2-0.1-1.5-0.2/766",11,0.5
"767","data/0.2-0.1-1.5-0.2/767",17,0.5
"768","data/0.2-0.1-1.5-0.2/768",3,0.176470588235294
"769","data/0.2-0.1-1.5-0.2/769",6,0.333333333333333
"770","data/0.2-0.1-1.5-0.2/770",0,0
"771","data/0.2-0.1-1.5-0.2/771",164,0.573426573426573
"772","data/0.2-0.1-1.5-0.2/772",2,0.2
"773","data/0.2-0.1-1.5-0.2/773",67,0.609090909090909
"774","data/0.2-0.1-1.5-0.2/774",51,0.6
"775","data/0.2-0.1-1.5-0.2/775",15,0.483870967741935
"776","data/0.2-0.1-1.5-0.2/776",89,0.626760563380282
"777","data/0.2-0.1-1.5-0.2/777",19,0.475
"778","data/0.2-0.1-1.5-0.2/778",14,0.538461538461538
"779","data/0.2-0.1-1.5-0.2/779",14,0.411764705882353
"780","data/0.2-0.1-1.5-0.2/780",15,0.416666666666667
"781","data/0.2-0.1-1.5-0.2/781",18,0.382978723404255
"782","data/0.2-0.1-1.5-0.2/782",40,0.625
"783","data/0.2-0.1-1.5-0.2/783",15,0.277777777777778
"784","data/0.2-0.1-1.5-0.2/784",44,0.578947368421053
"785","data/0.2-0.1-1.5-0.2/785",124,0.584905660377358
"786","data/0.2-0.1-1.5-0.2/786",66,0.634615384615385
"787","data/0.2-0.1-1.5-0.2/787",2,0.2
"788","data/0.2-0.1-1.5-0.2/788",14,0.4375
"789","data/0.2-0.1-1.5-0.2/789",0,0
"790","data/0.2-0.1-1.5-0.2/790",47,0.594936708860759
"791","data/0.2-0.1-1.5-0.2/791",36,0.642857142857143
"792","data/0.2-0.1-1.5-0.2/792",0,0
"793","data/0.2-0.1-1.5-0.2/793",150,0.622406639004149
"794","data/0.2-0.1-1.5-0.2/794",37,0.544117647058823
"795","data/0.2-0.1-1.5-0.2/795",32,0.450704225352113
"796","data/0.2-0.1-1.5-0.2/796",4,0.16
"797","data/0.2-0.1-1.5-0.2/797",2,0.153846153846154
"798","data/0.2-0.1-1.5-0.2/798",10,0.294117647058824
"799","data/0.2-0.1-1.5-0.2/799",99,0.722627737226277
"800","data/0.2-0.1-1.5-0.2/800",2,0.125
